Time,ARIMA,SARIMA,ETS,GP,RNN,LSTM,CNN,GRU,TCN,Actual
2023-09-08 02:39:20,0.16914002858079308,0.16447605818697564,0.1587940530326401,0.17265312709247382,0.16549473,0.15306464,0.17567033,0.15655474,0.1997243,0.156
2023-09-08 02:39:25,0.1615090440349543,0.1720548487360421,0.17166041899717663,0.17299842245085983,0.14956544,0.14815989,0.16823024,0.15304728,0.18968561,0.154
2023-09-08 02:39:30,0.15896171254135918,0.15537636731916893,0.15881957138347136,0.17334493716401767,0.13826972,0.14745358,0.13703606,0.15359706,0.13954443,0.128
2023-09-08 02:39:35,0.158111376952382,0.14685389315526728,0.14950767514403984,0.17369267021393853,0.14667201,0.15150853,0.15119603,0.14850456,0.14815505,0.154
2023-09-08 02:39:40,0.15782752280316772,0.14841880047117056,0.1525387434357905,0.17404162056931227,0.14129369,0.14802694,0.13737096,0.14367628,0.14334516,0.162
2023-09-08 02:39:45,0.1584755965175892,0.15648505880377261,0.15335088604349487,0.1909759772416315,0.11836498,0.14582698,0.12374777,0.14626163,0.11166394,0.122
2023-09-08 02:39:50,0.15729913395230893,0.1435503063926683,0.14463336505720736,0.19910290071651104,0.12529986,0.14166519,0.115219824,0.14729102,0.18502966,0.0559999999999999
2023-09-08 02:39:55,0.15690642517920358,0.1616470123648758,0.1630230815990289,0.20759647635234835,0.15057953,0.15250388,0.15919228,0.1404679,0.15009654,0.148
2023-09-08 02:40:00,0.15677533713184427,0.15261439143420014,0.14917524653541728,0.21641535441540327,0.17235519,0.1509973,0.15090051,0.14102738,0.1586868,0.2019999999999999
2023-09-08 02:40:05,0.1567315793211272,0.16307490782605322,0.1631766213114862,0.2255156092466848,0.17164382,0.14761055,0.15849379,0.1497196,0.106193826,0.18
2023-09-08 02:40:10,0.16368720511838522,0.178935060211145,0.17397887575637003,0.17153232795988949,0.16202776,0.15793589,0.15614769,0.15923443,0.16152723,0.192
2023-09-08 02:40:15,0.15823478674644884,0.17419383713203354,0.1723154821061678,0.17185007434574118,0.15032601,0.15930325,0.15431955,0.15367718,0.14807326,0.18
2023-09-08 02:40:20,0.15641236046582815,0.15503909586762749,0.15536892863364687,0.17216883755377133,0.1545551,0.15826249,0.15872145,0.16279322,0.15394053,0.124
2023-09-08 02:40:25,0.15580322937541305,0.16642059240284976,0.16800607552559768,0.1724886160807042,0.13530836,0.15102455,0.1530209,0.15139623,0.17155918,0.138
2023-09-08 02:40:30,0.15559963228660026,0.1527538197297097,0.15479056526038154,0.17280940841090953,0.13589935,0.15628439,0.14587423,0.15060283,0.17459475,0.22
2023-09-08 02:40:35,0.1783083488732664,0.16874411995660157,0.1538680009893259,0.17302088021023287,0.12140684,0.16168967,0.14191854,0.16134077,0.13692176,0.186
2023-09-08 02:40:40,0.1643924779000157,0.1574397530486374,0.15696068983061937,0.17334281201204504,0.13637708,0.1622854,0.11740823,0.15839937,0.1203256,0.16
2023-09-08 02:40:45,0.15974762791900865,0.15388468446767778,0.16043688827695768,0.17366574929280354,0.15435265,0.1541613,0.106113076,0.15684247,0.11642828,0.138
2023-09-08 02:40:50,0.15819726636510145,0.14024259631605446,0.15109377931967533,0.1739896904920375,0.20616321,0.15100046,0.1428444,0.1550016,0.15069935,0.156
2023-09-08 02:40:55,0.15767978550831122,0.1621383174351823,0.17030263492836134,0.17431463403509362,0.15508655,0.15751429,0.15689239,0.14612345,0.16397183,0.136
2023-09-08 02:41:00,0.14955250090287056,0.1432770404707642,0.15008051914700715,0.17299534625664137,0.13408037,0.15046622,0.1258493,0.13786665,0.14424235,0.178
2023-09-08 02:41:05,0.15407852420591459,0.1608700815353276,0.16372163289751795,0.17330701313187546,0.11403893,0.15008546,0.12582593,0.14310217,0.1360193,0.108
2023-09-08 02:41:10,0.1555900450009701,0.17428770465340818,0.1752321417518575,0.17361959629994317,0.08592421,0.14925453,0.14091887,0.14286827,0.13599795,0.146
2023-09-08 02:41:15,0.15609483584293254,0.17236236426525595,0.17321008985268033,0.17393309396169343,0.10712696,0.15313192,0.13303235,0.15035321,0.16308604,0.126
2023-09-08 02:41:20,0.15626341691370757,0.153384871258432,0.15583716110055984,0.17424750430700442,0.13166669,0.15049785,0.13652651,0.14861305,0.15157928,0.078
2023-09-08 02:41:25,0.1278580309571126,0.13805159401203415,0.13411497487784207,0.17011259438033122,0.16867359,0.14217952,0.14748888,0.123888746,0.16006535,0.154
2023-09-08 02:41:30,0.14452832204192556,0.1465962980792101,0.12215044910060077,0.17038399888214428,0.14717802,0.13669977,0.15469226,0.13236812,0.17184913,0.158
2023-09-08 02:41:35,0.15010212027498135,0.14154296986413245,0.11299252020565269,0.1706560522849081,0.1412763,0.14078493,0.11485863,0.1331387,0.16026457,0.136
2023-09-08 02:41:40,0.15196574860544995,0.1446348356798518,0.11577912307802316,0.17092875210424552,0.15462,0.14325424,0.1440559,0.13868077,0.14880998,0.162
2023-09-08 02:41:45,0.15258886239768013,0.14706077029852493,0.11912242238478626,0.17120209584691182,0.1191925,0.13715158,0.13807626,0.13930212,0.1421346,0.04
2023-09-08 02:41:50,0.11349011110621601,0.10231790044638404,0.10840315366028902,0.16701359025045548,0.13249937,0.13387948,0.11085873,0.12429417,0.1423829,0.166
2023-09-08 02:41:55,0.13798573712277842,0.1421056055341921,0.1271871443201638,0.16723840705813586,0.13767067,0.1372101,0.13188815,0.13269897,0.14248356,0.206
2023-09-08 02:42:00,0.14615058658226626,0.14024882793668192,0.11492862294121997,0.16746355264306345,0.13849549,0.13386403,0.12188354,0.13443214,0.104874335,0.156
2023-09-08 02:42:05,0.1488720833364633,0.15136981624957205,0.12760210689915835,0.16768902371234873,0.13658695,0.13568607,0.14416696,0.13906904,0.13302572,0.148
2023-09-08 02:42:10,0.14977920901218514,0.1653433227913424,0.13930947437964716,0.1679148169687963,0.11979366,0.13623841,0.13548253,0.14242595,0.11609782,0.2
2023-09-08 02:42:15,0.169282173033648,0.17645562796030637,0.17329302711931854,0.1453335083350673,0.14325765,0.14154264,0.17069982,0.16517057,0.16325352,0.168
2023-09-08 02:42:20,0.15910524199109247,0.15051506390218072,0.15554682348638693,0.145656242875166,0.13786691,0.14589566,0.14349031,0.15441267,0.1556442,0.144
2023-09-08 02:42:25,0.1557335866471653,0.16469449348185733,0.16888636255813572,0.1462749596298849,0.15288731,0.14520493,0.15623541,0.1549867,0.14207447,0.106
2023-09-08 02:42:30,0.1546165446125189,0.15315294507839064,0.15723021598828152,0.1472171358240857,0.13136238,0.14451504,0.15828936,0.1545104,0.13535933,0.066
2023-09-08 02:42:35,0.15424646440565123,0.14303867920643767,0.1479848736587901,0.14850852752924482,0.13356243,0.14505886,0.14664075,0.14568605,0.14680843,0.0279999999999999
2023-09-08 02:42:40,0.10741864644779356,0.10419581913897592,0.09635179440006347,0.16223492978798504,0.10524017,0.1414544,0.095119804,0.110663556,0.107584864,0.066
2023-09-08 02:42:45,0.13403709073464537,0.12367535489800198,0.0978380293268229,0.1623812544385146,0.10475457,0.14903755,0.11975901,0.116829745,0.11489974,0.066
2023-09-08 02:42:50,0.1429586930024201,0.13078975586400116,0.09049429643074673,0.1625273701029073,0.10624181,0.14799775,0.11267417,0.12842794,0.12768051,0.064
2023-09-08 02:42:55,0.14594891234681953,0.15323401209608292,0.10945352092243497,0.1626732723029818,0.1022006,0.14902633,0.13514273,0.12616855,0.14879741,0.046
2023-09-08 02:43:00,0.14695113273944085,0.13962154114329312,0.09670217001579239,0.1628189565582261,0.14084485,0.14469033,0.14010787,0.13704495,0.13076606,0.066
2023-09-08 02:43:05,0.11417271640474086,0.12070162864436643,0.08066941108911767,0.04597765659621267,0.12477054,0.11657364,0.12817943,0.107106745,0.13283773,0.04
2023-09-08 02:43:10,0.13061043516073956,0.14944512939615676,0.0930411704531033,0.03853324736925057,0.1468652,0.11836375,0.13223037,0.1176966,0.14865944,0.044
2023-09-08 02:43:15,0.1362193901474407,0.1503414008158554,0.09042455069934055,0.031069672011774685,0.13106091,0.12148668,0.12026915,0.119896255,0.14062093,0.148
2023-09-08 02:43:20,0.13813330390334788,0.13390579720301138,0.07258826901197689,0.0236110784548611,0.13756223,0.12226108,0.1455247,0.123021804,0.16522223,0.12
2023-09-08 02:43:25,0.13878637847316275,0.1447703428271408,0.08527942697288904,0.016181068655077624,0.12701228,0.122091085,0.13625716,0.12544073,0.12944664,0.136
2023-09-08 02:43:30,0.13542149835214057,0.12490238626955523,0.09357460982683469,0.08707057816220143,0.10112014,0.12666424,0.12219514,0.11876868,0.1044731,0.184
2023-09-08 02:43:35,0.13522363795112438,0.11472691632316181,0.08404917407752309,0.08918181084457188,0.10588185,0.12613976,0.115573294,0.11626028,0.116693676,0.104
2023-09-08 02:43:40,0.13515596530328466,0.1199841431511066,0.08746024450723892,0.09189804457185957,0.104477555,0.12786126,0.1271116,0.13289377,0.13729768,0.072
2023-09-08 02:43:45,0.13513281975600933,0.12151437839173412,0.08912744434089342,0.09522758918421914,0.11939771,0.12783985,0.13345146,0.12525147,0.15243596,0.1119999999999999
2023-09-08 02:43:50,0.1351249034652216,0.1144201895772891,0.08169394387603215,0.09917488236848016,0.1538433,0.13050282,0.1242482,0.12618656,0.15232211,0.096
2023-09-08 02:43:55,0.11936254758075354,0.12405038555350521,0.11505448690441007,0.10569660243501033,0.15761892,0.12410541,0.113629095,0.11739929,0.09055267,0.0819999999999999
2023-09-08 02:44:00,0.12731571588672597,0.11713147520954063,0.10275936952494907,0.10448842271963343,0.14380427,0.12135629,0.116217166,0.12384684,0.09114833,0.126
2023-09-08 02:44:05,0.1300231640314323,0.12861830871334762,0.11471353599852054,0.10326464946992076,0.12458934,0.13113919,0.12603445,0.12520377,0.11004127,0.15
2023-09-08 02:44:10,0.13094484394241432,0.14087724600204335,0.12686506691048607,0.10202523673910768,0.13225794,0.12697375,0.16269189,0.12858577,0.14411539,0.09
2023-09-08 02:44:15,0.13125860576273535,0.1444494094713522,0.12544754756372326,0.10077013957997671,0.14362252,0.14122337,0.15458055,0.13065672,0.14815716,0.052
2023-09-08 02:44:20,0.10069339761461048,0.09059504577787694,0.08812053971820927,0.11801741254828713,0.13893037,0.12108979,0.12491782,0.11166589,0.12660302,0.086
2023-09-08 02:44:25,0.11716930852784929,0.12247227383964049,0.10075586380225739,0.12265597750221602,0.14337331,0.12693395,0.14735502,0.122657955,0.19790584,0.148
2023-09-08 02:44:30,0.1227441021080683,0.12035194016442319,0.08967526560373937,0.12755203641295054,0.14142473,0.12526725,0.1574279,0.114722155,0.149128,0.134
2023-09-08 02:44:35,0.1246303907403453,0.10893058447861417,0.07927562872854109,0.13267742603053634,0.11885653,0.13086186,0.14429383,0.123809986,0.13547349,0.138
2023-09-08 02:44:40,0.12526863586154272,0.11109246093350508,0.0823732628116108,0.13800232291239922,0.1307582,0.12635493,0.14777906,0.13137357,0.15328054,0.072
2023-09-08 02:44:45,0.1065552787986619,0.10190502465875466,0.10346380436756321,0.12789676312470988,0.12794934,0.12195691,0.120045595,0.11444168,0.11194803,0.086
2023-09-08 02:44:50,0.11821512112560945,0.10282592016992718,0.09609748747898733,0.13150349354755875,0.14770146,0.12492665,0.10797812,0.12264493,0.11343023,0.122
2023-09-08 02:44:55,0.12214945266092735,0.12224633832722598,0.11396317294725555,0.13508861543917305,0.14871363,0.12688904,0.11785477,0.12873833,0.13625662,0.13
2023-09-08 02:45:00,0.12347699759642126,0.11424001841986682,0.10240015362656688,0.13861963842288816,0.12203293,0.12751117,0.13289805,0.13060635,0.11947395,0.14
2023-09-08 02:45:05,0.12392494549810036,0.12714205068211934,0.11442689332057258,0.14206432795869972,0.12605448,0.124610834,0.11697916,0.13099808,0.11427648,0.19
2023-09-08 02:45:10,0.1488798474978965,0.1594036991406001,0.15442450231147947,0.09991842584948074,0.13447066,0.14174764,0.119947314,0.15827662,0.12400011,0.218
2023-09-08 02:45:15,0.1349109405273135,0.14288592110599704,0.1525593461403853,0.09877681521201254,0.13997741,0.14234652,0.13749184,0.15180928,0.11356277,0.134
2023-09-08 02:45:20,0.13016556994672482,0.12363464011193902,0.13526535256709918,0.0976221806327402,0.1441165,0.1388714,0.14529231,0.14799868,0.1483418,0.126
2023-09-08 02:45:25,0.12855352241898782,0.1377117661721466,0.1485521307189401,0.09645449257811833,0.13796847,0.14161617,0.104445465,0.14133604,0.10721848,0.2019999999999999
2023-09-08 02:45:30,0.12800589453881484,0.1258731081044427,0.1372484636601416,0.09527372229553066,0.1322711,0.14267553,0.109468594,0.13534904,0.12376587,0.15
2023-09-08 02:45:35,0.13829690535486858,0.12709901390889938,0.14172892380199703,0.1746066558682644,0.12863272,0.15163901,0.14697896,0.15518618,0.1658429,0.168
2023-09-08 02:45:40,0.13429415639026082,0.12154609839891675,0.14399421248348376,0.1783434926090708,0.13531333,0.14962041,0.12866943,0.1495604,0.15473934,0.104
2023-09-08 02:45:45,0.13292511685332656,0.12270174435941644,0.14620909992709707,0.18185184530497178,0.1488144,0.1415128,0.13959755,0.1473093,0.21189196,0.1159999999999999
2023-09-08 02:45:50,0.13245687133749195,0.1172709495061526,0.1392059697887015,0.18510831802512318,0.13797934,0.14440647,0.13691925,0.1399427,0.17817463,0.098
2023-09-08 02:45:55,0.13229671974421497,0.13445920425158683,0.15720682781875234,0.18809127618214472,0.1345357,0.1444678,0.14466839,0.13854444,0.13942964,0.1639999999999999
2023-09-08 02:46:00,0.14303708101767088,0.13480322355474755,0.1335739234572793,0.11279225153235473,0.12190355,0.13658257,0.14832595,0.1390163,0.14426729,0.036
2023-09-08 02:46:05,0.1358776713895517,0.14275470088898146,0.14606930411222202,0.11204036691069064,0.11972715,0.13901207,0.14253622,0.1379201,0.1746719,0.15
2023-09-08 02:46:10,0.13343253737618202,0.1529604901785296,0.15772496415984724,0.11128025488393689,0.12705903,0.14060615,0.14973557,0.13455658,0.17245978,0.152
2023-09-08 02:46:15,0.13259745729920813,0.14551863701308174,0.1549312612712283,0.11051189301984721,0.13268752,0.13951513,0.16732912,0.13531987,0.16434324,0.124
2023-09-08 02:46:20,0.1323122546350001,0.1285076446859965,0.13767334698291894,0.10973525922989324,0.13742375,0.1411035,0.1637516,0.13711418,0.15105021,0.134
2023-09-08 02:46:25,0.13157711989537413,0.1456275313892048,0.13698237498464738,0.11058848224606166,0.16496891,0.12948348,0.11603868,0.13862915,0.15804437,0.07
2023-09-08 02:46:30,0.1307575940821585,0.1301615062541629,0.1253284572605238,0.10417436000222668,0.15291668,0.13547069,0.12086098,0.1374166,0.13923377,0.154
2023-09-08 02:46:35,0.13048039400228478,0.12101365920278279,0.11548017795688421,0.09720704454726015,0.15343831,0.13624887,0.13379207,0.13871472,0.15860735,0.144
2023-09-08 02:46:40,0.130386632606313,0.11909664715861687,0.11698234348522386,0.08970254937794309,0.14095733,0.13415453,0.120791815,0.13098566,0.15303193,0.134
2023-09-08 02:46:45,0.13035491833199325,0.12172359857303582,0.11930915271644577,0.08168017159452301,0.13141248,0.13492385,0.120708846,0.13730529,0.1482219,0.14
2023-09-08 02:46:50,0.13353932249923472,0.12049617310860472,0.12178301227956409,0.12752311608087474,0.1292704,0.13578852,0.11804108,0.13716464,0.12825152,0.12
2023-09-08 02:46:55,0.1313597885376007,0.1371492560875293,0.14012396994684448,0.12724464232364951,0.10019957,0.13588695,0.11524316,0.13750862,0.13972987,0.066
2023-09-08 02:47:00,0.13062451452193385,0.1177109128476446,0.1274648759545676,0.12696353181090103,0.12647292,0.13721782,0.1142081,0.1417668,0.11181261,0.132
2023-09-08 02:47:05,0.1303764670550756,0.13564585835572796,0.14108202963843222,0.12667977709038247,0.13198365,0.1390288,0.112190455,0.13690326,0.12712583,0.166
2023-09-08 02:47:10,0.1302927873050725,0.14650750716650363,0.15257592067994707,0.12639337074929102,0.12810875,0.14279506,0.10097429,0.13911529,0.120044105,0.1159999999999999
2023-09-08 02:47:15,0.1244938160532176,0.13090658475955375,0.1379748795787481,0.11103927511340217,0.11971587,0.12745722,0.119410045,0.14071372,0.09339804,0.088
2023-09-08 02:47:20,0.12735103994645192,0.12157061126581556,0.12114107868975944,0.10906600995827276,0.11986265,0.127069,0.11507906,0.13800073,0.14398345,0.198
2023-09-08 02:47:25,0.12831217782899135,0.13330178711031082,0.13432073330930253,0.10722973732151075,0.112248026,0.13180678,0.10845609,0.14154892,0.1273746,0.106
2023-09-08 02:47:30,0.12863549376913866,0.127657339480778,0.1237437145031817,0.1055555823366241,0.11758596,0.12882975,0.1293817,0.14168167,0.14537212,0.176
2023-09-08 02:47:35,0.12874425360376004,0.11797965572622211,0.11393540710794108,0.10406743146980091,0.11996118,0.13017108,0.13747737,0.14201538,0.12467697,0.108
2023-09-08 02:47:40,0.12225971525934726,0.11625698779134616,0.12351880276147796,0.132285725188364,0.11278656,0.14391525,0.1320895,0.13583122,0.15904564,0.136
2023-09-08 02:47:45,0.12701673600827948,0.12114522361374765,0.12583358395098573,0.13459686049677444,0.12776013,0.13955858,0.12307839,0.1335238,0.16414215,0.1159999999999999
2023-09-08 02:47:50,0.12860367137088696,0.11410168304760272,0.11848431062311514,0.13732479371840967,0.16224809,0.14642102,0.13000579,0.13562691,0.13372889,0.096
2023-09-08 02:47:55,0.1291330707529812,0.128473304460612,0.13618256605878948,0.14048092768817,0.110666245,0.14689733,0.13883378,0.13938673,0.12927186,0.176
2023-09-08 02:48:00,0.12930967763462586,0.12055436468136493,0.12442077249756399,0.14407355499794505,0.14940052,0.14567825,0.15482165,0.14358997,0.14601487,0.14
2023-09-08 02:48:05,0.13345780976299368,0.14304420266579718,0.14590077584134034,0.12467608855313639,0.12091539,0.13902879,0.12935598,0.14435495,0.16344099,0.152
2023-09-08 02:48:10,0.13127869655018415,0.14707887438086076,0.15651170569732117,0.12437768302859364,0.13380598,0.1405604,0.13219395,0.14041767,0.15119691,0.174
2023-09-08 02:48:15,0.1305528640350456,0.14132588378606106,0.15302303544534057,0.12407666555863894,0.12795898,0.14157593,0.13799414,0.14307052,0.12897651,0.12
2023-09-08 02:48:20,0.13031109924883097,0.13131926776923547,0.13780768399227725,0.12377302951715041,0.14462203,0.14023353,0.15749641,0.13585815,0.14458244,0.11
2023-09-08 02:48:25,0.13023057073759137,0.13822748459081463,0.14981926390808145,0.12346676831392855,0.13625562,0.14121465,0.17256603,0.13851096,0.13137643,0.072
2023-09-08 02:48:30,0.10983767275684694,0.10862173112671877,0.1147483462602316,0.1320881315405913,0.13880654,0.13286091,0.11564693,0.123482615,0.14312151,0.092
2023-09-08 02:48:35,0.12245044310656951,0.10933705095766565,0.10431331746184645,0.13352940287888515,0.14151114,0.13852802,0.12927893,0.13011706,0.13478044,0.102
2023-09-08 02:48:40,0.12665477081237572,0.11689223904500602,0.10607635628493647,0.1350683041935561,0.13731782,0.13395013,0.1008682,0.12951474,0.120943435,0.096
2023-09-08 02:48:45,0.1280562370222317,0.11938600012249284,0.10820424127079188,0.13669002158873766,0.14218646,0.14014204,0.115131974,0.13347788,0.1104604,0.1119999999999999
2023-09-08 02:48:50,0.12852340030606796,0.11190422681212023,0.10065202004096623,0.13837850516768668,0.14271683,0.1393206,0.13879864,0.13665415,0.14194019,0.142
2023-09-08 02:48:55,0.13223250426831484,0.14318631632061074,0.12577942646589033,0.11690407059966645,0.10936834,0.12826729,0.12631722,0.1239601,0.16952589,0.122
2023-09-08 02:49:00,0.12897257845345508,0.12338319316034387,0.11373703755374458,0.11638915473782241,0.106064685,0.13661918,0.13419239,0.12969168,0.16405958,0.074
2023-09-08 02:49:05,0.1278845701645018,0.134952719241762,0.12755946134310278,0.11579312445601708,0.11594714,0.13403104,0.120862916,0.12746309,0.16350047,0.1159999999999999
2023-09-08 02:49:10,0.1275214447119424,0.14565686194309407,0.13852866593545612,0.11510110750830016,0.12380917,0.13610624,0.13286619,0.13264292,0.15759648,0.096
2023-09-08 02:49:15,0.1274002506956511,0.139173525862834,0.13464716582576997,0.11429840569114269,0.11594497,0.13976258,0.13123982,0.1304742,0.14969283,0.136
2023-09-08 02:49:20,0.1287521216650347,0.12053179264620423,0.10581331073356044,0.11691240586554841,0.14997591,0.12683886,0.13037597,0.1347853,0.12186194,0.144
2023-09-08 02:49:25,0.12633805750893853,0.12955638185030016,0.11734714387328998,0.11653805764285607,0.14359728,0.12819579,0.11757728,0.13673212,0.07821171,0.118
2023-09-08 02:49:30,0.1255340007242607,0.12147879200125841,0.10781771622422165,0.1161607745841593,0.14151071,0.13274167,0.101516895,0.13816953,0.099101454,0.084
2023-09-08 02:49:35,0.1252661920534125,0.11207716675852747,0.09749757517298918,0.11578055025466938,0.13974589,0.13657226,0.1332479,0.13837805,0.117607184,0.0819999999999999
2023-09-08 02:49:40,0.12517699252727427,0.11330182037162989,0.09903562316312027,0.11539737826637975,0.13855477,0.1353036,0.14376795,0.14181903,0.13879138,0.136
2023-09-08 02:49:45,0.12777591860501597,0.12321405189325302,0.10714167131079114,0.12670499604516872,0.13615736,0.126098,0.12878278,0.12823652,0.11082794,0.118
2023-09-08 02:49:50,0.12503801278447338,0.11281997135586942,0.10020244220985601,0.12667200734780026,0.11582246,0.13382411,0.13179204,0.12857877,0.12636515,0.12
2023-09-08 02:49:55,0.12412652760793647,0.1272283884954251,0.11803736939681647,0.12663901906851693,0.11465857,0.13602725,0.11406757,0.13418278,0.123832524,0.192
2023-09-08 02:50:00,0.1238230820983017,0.11259111164791615,0.10555197402473292,0.1266060312058408,0.13089421,0.1371579,0.1288842,0.13260797,0.11729733,0.148
2023-09-08 02:50:05,0.12372206106176949,0.12783972016824524,0.11972923389459775,0.12657304376261358,0.12498339,0.12957643,0.12573995,0.13687052,0.1438555,0.102
2023-09-08 02:50:10,0.11716033908679643,0.1294538125055405,0.14686866548658967,0.13029146162075644,0.15085396,0.13954891,0.12101849,0.13670878,0.13785191,0.15
2023-09-08 02:50:15,0.12220696754300993,0.13409270421072458,0.14345638516320408,0.1314623910778021,0.14710452,0.13786973,0.15352762,0.14111868,0.1416271,0.24
2023-09-08 02:50:20,0.12388690745921173,0.12197267635514453,0.12835393162244715,0.13261899088040607,0.10418738,0.13825601,0.14410932,0.14117837,0.16036199,0.192
2023-09-08 02:50:25,0.12444613192888185,0.13191085644305645,0.13921574007635268,0.1337552772354469,0.10950897,0.14015232,0.13185596,0.14373533,0.12541695,0.152
2023-09-08 02:50:30,0.12463228859107063,0.1213415947545727,0.12968123349086275,0.1348656804995212,0.14042045,0.14194024,0.13133805,0.14212057,0.1564172,0.222
2023-09-08 02:50:35,0.163284343023559,0.15081819470471872,0.16305576052097442,0.12253607518319143,0.19698328,0.1554066,0.17594275,0.1780872,0.15116322,0.132
2023-09-08 02:50:40,0.14354801685386528,0.13497652398937948,0.16497530783939685,0.12224884843053019,0.11466411,0.15234485,0.15472427,0.16903882,0.17095058,0.216
2023-09-08 02:50:45,0.13691396742420756,0.12926747925188387,0.1670496786641699,0.12195937870589546,0.13251214,0.15195191,0.13360389,0.16297407,0.14436649,0.276
2023-09-08 02:50:50,0.13468403813256852,0.1205562003536938,0.16040520295790894,0.12166766145988106,0.1433086,0.15122545,0.1623571,0.15920515,0.1498567,0.238
2023-09-08 02:50:55,0.1339344831739516,0.14069234141033696,0.1785562093585527,0.12137369217518312,0.10288067,0.14990348,0.16087213,0.15519568,0.1602236,0.19
2023-09-08 02:51:00,0.1582042932751208,0.1494803844911361,0.20084201996338316,0.1544453541824531,0.21484761,0.17412858,0.1864244,0.17755516,0.16847016,0.282
2023-09-08 02:51:05,0.1473868823141827,0.15137325364252008,0.21438349961099076,0.1554453663658002,0.2618259,0.16501091,0.18159181,0.17136139,0.17389362,0.2319999999999999
2023-09-08 02:51:10,0.1437066250734697,0.1610903732403167,0.22533886240673984,0.15646661122940486,0.24814862,0.17617497,0.18342218,0.16888866,0.18779872,0.38
2023-09-08 02:51:15,0.1424545423517603,0.1619986275938038,0.22299682777768187,0.15750922086250796,0.18486989,0.16654482,0.14874227,0.16300255,0.19969815,0.3
2023-09-08 02:51:20,0.14202856366617814,0.14460955472020598,0.20742477918643049,0.15857332541251168,0.19422863,0.17128724,0.16165438,0.16311651,0.1748804,0.316
2023-09-08 02:51:25,0.22831767781258686,0.2496362857282469,0.2900143641358031,0.14776450015133946,0.1946838,0.22248746,0.24599145,0.25670826,0.21048978,0.138
2023-09-08 02:51:30,0.19928948196395838,0.22363003828715325,0.28107621087290363,0.1477385104624389,0.19559152,0.19777194,0.22191647,0.22389393,0.21958467,0.3339999999999999
2023-09-08 02:51:35,0.18967937888724842,0.20295926939234,0.27001585267749534,0.14771170121014165,0.18641077,0.19273062,0.20635554,0.21444038,0.18956183,0.134
2023-09-08 02:51:40,0.18649784870788133,0.20759267380587454,0.2730010516134845,0.1476840698522821,0.17840649,0.19876218,0.18644965,0.1993872,0.18308865,0.272
2023-09-08 02:51:45,0.1854445681965875,0.21067351855079353,0.2756826965106763,0.14765561385991077,0.18408278,0.19511916,0.18769772,0.1846145,0.16472274,0.1639999999999999
2023-09-08 02:51:50,0.1873046385844954,0.18996364633783466,0.21548545892214316,0.23725118951512947,0.15326934,0.20036843,0.20753528,0.17934094,0.15253651,0.316
2023-09-08 02:51:55,0.194329753563343,0.21416804568621017,0.23337301937610613,0.24085952404120725,0.16150212,0.20437393,0.20397766,0.17454775,0.17676945,0.27
2023-09-08 02:52:00,0.1964474538781148,0.21101104064528464,0.22162233969652118,0.24452460421707833,0.13650213,0.19850272,0.1987782,0.1738942,0.17963621,0.288
2023-09-08 02:52:05,0.19708582842951897,0.22074150635728212,0.23448864848128936,0.24824640722882663,0.16322854,0.19421057,0.18457843,0.17954169,0.18341063,0.292
2023-09-08 02:52:10,0.19727826456651051,0.23875081291695743,0.2469045338840588,0.2520248975193695,0.22541471,0.19447587,0.22544767,0.18000473,0.21895953,0.19
2023-09-08 02:52:15,0.2208091829749536,0.23326778470806667,0.2617894838182841,0.2638280800063555,0.17725721,0.19133395,0.20824133,0.20098352,0.18652368,0.204
2023-09-08 02:52:20,0.22900920801391417,0.23499210157827327,0.2465193197850004,0.2679648959414962,0.2169395,0.19188893,0.2294171,0.19274913,0.15575291,0.1939999999999999
2023-09-08 02:52:25,0.23119168752641028,0.23487998314160033,0.2551111298080833,0.2721620011874819,0.1661998,0.18270878,0.13654952,0.19009808,0.13763061,0.236
2023-09-08 02:52:30,0.2317725658529805,0.2418457954521084,0.24831802402030548,0.2764193114318658,0.20026834,0.18190855,0.14075999,0.18582578,0.14698665,0.316
2023-09-08 02:52:35,0.23192716965491636,0.21974499804683925,0.23528412707482482,0.28073672856861265,0.14522126,0.18479334,0.1371571,0.18550298,0.16347805,0.29
2023-09-08 02:52:40,0.2555540982265284,0.25714646218401005,0.25206123689909177,0.24219927230574,0.18187582,0.20138869,0.21949519,0.22886997,0.19239649,0.266
2023-09-08 02:52:45,0.24646352617662712,0.2418491209750066,0.2535832185595869,0.23709567597974512,0.14837518,0.19088168,0.19240905,0.21393329,0.16147757,0.346
2023-09-08 02:52:50,0.2440644454169505,0.24059741710382518,0.24799474705518856,0.2314257318227959,0.1612856,0.18232691,0.20789221,0.20959453,0.16714959,0.126
2023-09-08 02:52:55,0.2434313072096016,0.2543584080212823,0.26520627470267133,0.2252026934222755,0.15149467,0.18537058,0.18674555,0.19868045,0.19645973,0.102
2023-09-08 02:53:00,0.24326421654873573,0.24553850048562093,0.2537640674321107,0.21844242285249038,0.14568475,0.18072411,0.19684313,0.193204,0.12503713,0.252
2023-09-08 02:53:05,0.23675652522576046,0.24772570653714032,0.23102619889633305,0.138512934384039,0.18523367,0.19850068,0.15843764,0.19009936,0.13686429,0.136
2023-09-08 02:53:10,0.232644107223945,0.25052258848631936,0.2422800246427086,0.1384972695124631,0.20286655,0.20130442,0.19528668,0.1952965,0.13565402,0.204
2023-09-08 02:53:15,0.2315346500908354,0.2464134494950042,0.23929567175312436,0.13848160634022122,0.16290855,0.18677886,0.1746728,0.18766697,0.13004296,0.084
2023-09-08 02:53:20,0.23123533831618984,0.23428009971740588,0.22408561540228575,0.13846594486873443,0.19220525,0.18904342,0.2071876,0.18562043,0.14763416,0.186
2023-09-08 02:53:25,0.23115458933025076,0.23915973881255162,0.23301998314333564,0.13845028509538793,0.2144125,0.18141986,0.20433505,0.18530366,0.16657566,0.222
2023-09-08 02:53:30,0.21335581283593838,0.21863229558264585,0.18438039407908802,0.2521283377563286,0.32347718,0.17104034,0.24748789,0.18599495,0.17758532,0.212
2023-09-08 02:53:35,0.21098289734137854,0.2009626944460925,0.1712247227125937,0.25488641144688984,0.22434366,0.1674522,0.23027968,0.1906879,0.18345867,0.072
2023-09-08 02:53:40,0.21033150839786607,0.20577328813900336,0.175344767535591,0.257678139211567,0.18898322,0.1646805,0.23474948,0.18215534,0.19024199,0.14
2023-09-08 02:53:45,0.21015269564338618,0.20733498498635689,0.17767425503174597,0.2605035350637337,0.2560779,0.1705064,0.20982252,0.17715098,0.15832612,0.11
2023-09-08 02:53:50,0.21010360976085296,0.19314640850606984,0.16988191868473604,0.26336260851926596,0.20698053,0.16662984,0.20364927,0.18292677,0.15798861,0.11
2023-09-08 02:53:55,0.15877028636754642,0.15936592964451238,0.14689284035869227,0.0893152949877205,0.13303754,0.14426938,0.09482536,0.13896431,0.11092196,0.106
2023-09-08 02:54:00,0.17173243342142472,0.16524087108232724,0.13705684703243098,0.07727869964753964,0.11418932,0.15464121,0.12396798,0.14068776,0.13110556,0.246
2023-09-08 02:54:05,0.17517750764100468,0.1730414712098451,0.14857282533141775,0.06515093352405188,0.14445134,0.14331262,0.11243092,0.14047189,0.14705102,0.32
2023-09-08 02:54:10,0.17609313807854576,0.18651985368946533,0.1603529643044874,0.052974573176534534,0.16735822,0.15230142,0.13757147,0.1456864,0.1446618,0.294
2023-09-08 02:54:15,0.17633649396719012,0.17815474392959457,0.1562316056993697,0.04079205183317569,0.13909276,0.15336919,0.12744246,0.15726978,0.15014254,0.26
2023-09-08 02:54:20,0.22194192118246414,0.2190290995697246,0.22388049132322513,0.23954509021655213,0.210881,0.20840839,0.24097905,0.21450247,0.21925728,0.24
2023-09-08 02:54:25,0.21061510093143448,0.21483454854518735,0.23310268072448934,0.24090381225965984,0.20543976,0.19297208,0.15287156,0.2007623,0.16453221,0.114
2023-09-08 02:54:30,0.2072440201784034,0.2121634522813947,0.22713308230917864,0.24224849280986405,0.17588322,0.18970911,0.15296692,0.18481717,0.17524014,0.2
2023-09-08 02:54:35,0.20624072135387905,0.19000157111457514,0.2126811867438697,0.24357850478617138,0.14331914,0.17554209,0.1497429,0.16865951,0.17543852,0.176
2023-09-08 02:54:40,0.205942120221175,0.19885062346209426,0.21744933984218112,0.2448932217430695,0.20066199,0.18104027,0.12909873,0.16685005,0.16489658,0.2319999999999999
2023-09-08 02:54:45,nan,0.20326562159053876,0.20104768119523297,0.22781823627509223,0.20226602,0.17719069,0.16465336,0.19524574,0.16151881,0.136
2023-09-08 02:54:50,nan,0.18904429848518486,0.19332715401855935,0.22839785169024007,0.16050798,0.17392144,0.15832691,0.1838347,0.20299657,0.228
2023-09-08 02:54:55,nan,0.20170847940454725,0.2099094663392664,0.22894601586602503,0.16704015,0.17180242,0.18928623,0.18710317,0.18672232,0.146
2023-09-08 02:55:00,nan,0.20329696069663417,0.2016378845700061,0.22946203957409472,0.19586453,0.16254379,0.2176539,0.18169263,0.22388291,0.268
2023-09-08 02:55:05,nan,0.2139491798781738,0.21373285884447293,0.2299452388302461,0.22577746,0.16478348,0.1871693,0.17479564,0.19922784,0.138
2023-09-08 02:55:10,0.17812995271853607,0.19658174158898156,0.20889357875874995,0.21323312248198079,0.2245477,0.1712468,0.20844722,0.16558698,0.18219003,0.186
2023-09-08 02:55:15,0.18966561393702672,0.2017351867223568,0.20440760735974184,0.21298882292274968,0.20672569,0.17062286,0.22571297,0.1651502,0.21154767,0.172
2023-09-08 02:55:20,0.19298162780529932,0.1963946352695666,0.19032615411547113,0.21269641770030745,0.14094299,0.16684967,0.19990566,0.16237025,0.21630749,0.154
2023-09-08 02:55:25,0.19393484130267133,0.19379976703561225,0.19818516191268162,0.21235519450108953,0.16701505,0.16438438,0.16894387,0.16258903,0.15777054,0.13
2023-09-08 02:55:30,0.19420884979831296,0.2008336258133797,0.19313500873789652,0.21196445115993612,0.17622326,0.16557927,0.16795368,0.15907235,0.12194004,0.06
2023-09-08 02:55:35,0.14138513206285044,0.12411540894807656,0.12388312624940978,0.2237610801283978,0.15175173,0.14601003,0.13154955,0.12141206,0.14183256,0.098
2023-09-08 02:55:40,0.16459350234984413,0.15702568754630586,0.12918595649549836,0.22512999788260402,0.17462476,0.14491728,0.14612322,0.123276606,0.12530516,0.146
2023-09-08 02:55:45,0.17121176833683363,0.15574760295847023,0.13019290388077656,0.2265096366373882,0.13945189,0.15088522,0.11664816,0.12662035,0.13037157,0.138
2023-09-08 02:55:50,0.17309908072167132,0.15473647608942154,0.12348262235198862,0.22789994023239046,0.14268416,0.14480649,0.14486489,0.13499697,0.12397106,0.206
2023-09-08 02:55:55,0.17363728031125625,0.1653869536203818,0.13906814835563008,0.2293008509236074,0.12409047,0.14618234,0.14651673,0.13747269,0.11621829,0.246
2023-09-08 02:56:00,0.19854591650225548,0.19960897333903221,0.1734998665683882,0.15346353128418855,0.15515608,0.15582977,0.16598387,0.17602198,0.1502392,0.142
2023-09-08 02:56:05,0.18461950208367922,0.18824220204925063,0.18415951645169482,0.1501659475053998,0.14739199,0.15440051,0.1352629,0.16611588,0.13064885,0.184
2023-09-08 02:56:10,0.18053249830523418,0.19662991772443594,0.19595991767768464,0.14675992726120057,0.18918335,0.15088816,0.14750913,0.163677,0.16615435,0.23
2023-09-08 02:56:15,0.17933307974831236,0.1885291909024277,0.19138001243314118,0.14324499034611904,0.15749764,0.14948246,0.13025546,0.16476317,0.153174,0.156
2023-09-08 02:56:20,0.17898108475328062,0.17876850201351563,0.1772600193534474,0.1396206975482528,0.14702,0.14723557,0.12343946,0.15662047,0.114336394,0.108
2023-09-08 02:56:25,0.1522028159456429,0.15063706294526133,0.16401038593975553,0.18458515764822536,0.15584669,0.15394965,0.14194897,0.1440109,0.14358224,0.142
2023-09-08 02:56:30,0.16491557360729459,0.16252735652370698,0.15831548436592352,0.18481806851114158,0.16965158,0.15542787,0.14635341,0.14693776,0.12132203,0.2239999999999999
2023-09-08 02:56:35,0.16857177070484206,0.14923627964905145,0.14429379263944783,0.1850512370344859,0.14190876,0.15052709,0.13054134,0.14616176,0.1399749,0.14
2023-09-08 02:56:40,0.16962329528919237,0.16086311676920823,0.15002584669633662,0.18528466137370003,0.18009193,0.15361738,0.13760516,0.14880575,0.124733165,0.054
2023-09-08 02:56:45,0.16992571442087287,0.15673975598665124,0.15093868597361262,0.1855183396863893,0.17441241,0.15440747,0.14414088,0.14756726,0.15059535,0.188
2023-09-08 02:56:50,0.17173195052591766,0.16194804790813133,0.14100083624875118,0.1355922460766763,0.17176567,0.15369016,0.19419709,0.15197466,0.14688785,0.244
2023-09-08 02:56:55,0.1671131580270401,0.1697326365530688,0.1568232009188178,0.13038744534151192,0.17730543,0.15078017,0.18103823,0.14546174,0.16280666,0.17
2023-09-08 02:57:00,0.1658017995767431,0.16473336367003355,0.14890105001932627,0.12476712546084556,0.17788392,0.14956886,0.17602442,0.15195318,0.15776357,0.148
2023-09-08 02:57:05,0.16542948127372706,0.1719287799318027,0.15987243008599844,0.11873444507178021,0.17672883,0.14512007,0.1939178,0.14846142,0.15967013,0.192
2023-09-08 02:57:10,0.16532377339596918,0.18445437782602653,0.17201052301453756,0.11229535630760878,0.1739405,0.14894281,0.13759494,0.15567037,0.16514474,0.264
2023-09-08 02:57:15,0.20402840532493005,0.20631484336769626,0.20369002760281787,0.18792476034893113,0.15619147,0.17041308,0.16183685,0.18608531,0.17780629,0.198
2023-09-08 02:57:20,0.18659385808676007,0.18172194874731884,0.18923376599053132,0.18991889541737805,0.13920674,0.16769926,0.16507599,0.17608623,0.16784306,0.088
2023-09-08 02:57:25,0.1815254012773843,0.18139666914870756,0.1970237513810681,0.1920115897523189,0.16453563,0.15819332,0.18244343,0.17798318,0.20179799,0.21
2023-09-08 02:57:30,0.1800519328771115,0.1847192646760972,0.1922057420075441,0.19420805383520445,0.1664941,0.15897898,0.17801718,0.17829175,0.17702025,0.278
2023-09-08 02:57:35,0.17962357584295735,0.16442229904834285,0.17749038955211746,0.196513395774204,0.14715388,0.15848476,0.14209354,0.1690035,0.16116817,0.156
2023-09-08 02:57:40,0.17257948139197676,0.16755876855334906,0.18319979777634274,0.1526960757398399,0.1347722,0.17829053,0.14843912,0.16921888,0.15912014,0.0819999999999999
2023-09-08 02:57:45,0.17734848431137093,0.17253863685857718,0.18543988544988807,0.15028217399765254,0.17039253,0.16481179,0.15940648,0.1773464,0.19977722,0.176
2023-09-08 02:57:50,0.17872026357921922,0.17198965754747536,0.18010265199484368,0.1478038944383968,0.1745731,0.16550668,0.14310397,0.16728711,0.15010765,0.096
2023-09-08 02:57:55,0.17911484886077686,0.1816412926602336,0.1950598414615384,0.14526106894783197,0.18511924,0.15857479,0.15736017,0.1667893,0.16296078,0.17
2023-09-08 02:58:00,0.17922834929635797,0.1790281678137132,0.1869994517888739,0.1426535478804567,0.18978655,0.15661776,0.15433557,0.16585399,0.13373896,0.15
2023-09-08 02:58:05,0.16204849382270112,0.17074262437884546,0.1645951864522152,0.14696828354435112,0.14062983,0.14652896,0.17271297,0.14065742,0.16556844,0.1639999999999999
2023-09-08 02:58:10,0.16549765871141361,0.18872688432214244,0.177313665283916,0.1435837258791424,0.15430297,0.14495781,0.15753385,0.14535081,0.19315627,0.256
2023-09-08 02:58:15,0.16648506332850457,0.17889975692193338,0.1714549218329449,0.1400431252144362,0.1533623,0.1460277,0.13483076,0.14003517,0.1581614,0.182
2023-09-08 02:58:20,0.16676773113631022,0.16323551396479874,0.1560656123851414,0.13635645114105532,0.1550743,0.14923754,0.17292134,0.14306687,0.17602277,0.18
2023-09-08 02:58:25,0.16684865144819314,0.17147912400500337,0.16498086487428115,0.1325342198642759,0.14692694,0.14630428,0.15978816,0.14369245,0.21106131,0.15
2023-09-08 02:58:30,0.1655914819119119,0.1732114939496925,0.1713331372552385,0.17201556831344345,0.15051448,0.15531346,0.13794194,0.14639014,0.16467103,0.106
2023-09-08 02:58:35,0.17007583062891743,0.15425241979121168,0.15556658854326091,0.1724279755314857,0.14797476,0.15192986,0.15683444,0.147559,0.15842304,0.2319999999999999
2023-09-08 02:58:40,0.17136559792168166,0.15866900312226526,0.15960697653278194,0.1729418278965973,0.16237783,0.15186296,0.18017495,0.1461499,0.1441987,0.026
2023-09-08 02:58:45,0.17173655472599442,0.16308000687914612,0.16274148187887777,0.1735620628230361,0.14422247,0.1491364,0.13722414,0.14523567,0.13061434,0.084
2023-09-08 02:58:50,0.1718432475778274,0.15620569989298666,0.15666283220660904,0.17429264781119613,0.14242916,0.15798523,0.121135235,0.14851381,0.12923881,0.094
2023-09-08 02:58:55,nan,0.14042085263214854,0.12837257249619702,0.10592704810783715,0.06325307,0.122658625,0.1192324,0.13262776,0.102475464,0.158
2023-09-08 02:59:00,nan,0.14217616327153018,0.12018105691246862,0.0990480395460196,0.14464046,0.13211156,0.19247101,0.14269665,0.15797153,0.16
2023-09-08 02:59:05,nan,0.15397578374285853,0.13152341425256295,0.09187933969337081,0.09151628,0.13536033,0.17792918,0.14601378,0.13294616,0.12
2023-09-08 02:59:10,nan,0.17119420787694348,0.1450074053720593,0.08442986033495714,0.09787274,0.13625823,0.13503046,0.15537594,0.14674163,0.2319999999999999
2023-09-08 02:59:15,nan,0.16063311045095757,0.13847453876225127,0.07670949992245824,0.1370275,0.12783332,0.18207338,0.14495347,0.15074079,0.204
2023-09-08 02:59:20,0.17775282290294517,0.16714941596912508,0.1585377742711814,0.12284589830827031,0.17147103,0.16236567,0.172548,0.1726421,0.15722387,0.158
2023-09-08 02:59:25,0.17359548170603845,0.16333127016613572,0.167071690863055,0.12012831868810281,0.13001645,0.15968062,0.16706406,0.16343239,0.17842934,0.182
2023-09-08 02:59:30,0.1729369923849359,0.1617803836386461,0.16258397858286,0.11736299879333956,0.14057453,0.15403013,0.15943015,0.1596652,0.13147095,0.1
2023-09-08 02:59:35,0.17283269298648174,0.1493315002470757,0.14817588276412355,0.114550170798708,0.14671405,0.1600863,0.16346157,0.14908455,0.16630574,0.19
2023-09-08 02:59:40,0.17281617280282913,0.1433606956640716,0.15018493472905242,0.11169008205820319,0.10479092,0.1524072,0.15700495,0.14968416,0.13234878,0.238
2023-09-08 02:59:45,0.18706971579440207,0.18001405393302694,0.17424784689966114,0.1864144399936798,0.17037657,0.1665634,0.13553163,0.17635338,0.16126548,0.118
2023-09-08 02:59:50,0.17254473538145274,0.1590445593693003,0.16832655592977502,0.19189772504456215,0.12792309,0.15916325,0.13281383,0.16887492,0.20233575,0.134
2023-09-08 02:59:55,0.16840230697589176,0.17105218077898288,0.1843072436669819,0.1977967505565097,0.13756995,0.16149527,0.15036133,0.16660078,0.19338144,0.222
2023-09-08 03:00:00,0.16722091377553328,0.16620075962975323,0.17622920263311076,0.20410312393021712,0.14774562,0.15915896,0.112365946,0.15908903,0.1741837,0.132
2023-09-08 03:00:05,0.16688398824364487,0.17221479908131124,0.18705708814861274,0.21080598976034182,0.16576453,0.15887372,0.14170957,0.15403712,0.1545222,0.16
2023-09-08 03:00:10,0.16119652203788232,0.1847374605055317,0.18453107184563633,0.1741845633903658,0.19749187,0.1463222,0.17020366,0.15128227,0.1651006,0.184
2023-09-08 03:00:15,0.16153247599525483,0.1757818402878304,0.1778004310365582,0.17698639235531743,0.18647227,0.1516337,0.16826153,0.1527024,0.18216312,0.17
2023-09-08 03:00:20,0.1616268036030221,0.1614045754820937,0.1622434422750409,0.1799143161696577,0.18252437,0.14651048,0.14189571,0.14723647,0.13624644,0.172
2023-09-08 03:00:25,0.161653288475106,0.16708817794947142,0.17092592408670076,0.18295454472723804,0.1588966,0.14920697,0.15951023,0.1512087,0.17875974,0.172
2023-09-08 03:00:30,0.16166072477573848,0.16382307071168037,0.16568687051501838,0.18609239656086274,0.16733208,0.15081747,0.17733137,0.14864519,0.15861851,0.196
2023-09-08 03:00:35,0.17554019684843547,0.16400703597087968,0.15978893821574708,0.18808902726462762,0.19006406,0.14967982,0.22076815,0.16218662,0.19360152,0.15
2023-09-08 03:00:40,0.16978978146349874,0.1628207089776865,0.16223029646608295,0.19124859979994158,0.18205294,0.15306544,0.18021308,0.15709849,0.16547485,0.118
2023-09-08 03:00:45,0.1681735744621724,0.1569736360473749,0.1647107835431442,0.1944519621594294,0.16880204,0.15281434,0.16302946,0.15706484,0.17076732,0.24
2023-09-08 03:00:50,0.1677193246565012,0.15319347430898667,0.15899830839077633,0.19768215967897573,0.14255749,0.14981723,0.20968296,0.15277909,0.18777727,0.144
2023-09-08 03:00:55,0.16759165358108635,0.1717015392471115,0.17567359873255303,0.20092192793609565,0.11550016,0.13996461,0.22153227,0.15546554,0.16412984,0.15
2023-09-08 03:01:00,0.1605298235877198,0.15703334653773643,0.16313870523685367,0.17513417839332135,0.13408673,0.15012407,0.13333654,0.14575952,0.15461454,0.072
2023-09-08 03:01:05,0.1634618481898022,0.17014679398481486,0.17418237393499353,0.17519350695914682,0.1539946,0.1468404,0.1571252,0.1466794,0.14878453,0.198
2023-09-08 03:01:10,0.16427826911039978,0.18749237558982254,0.18870187793405446,0.17525221273385228,0.15053318,0.147123,0.14581883,0.14434594,0.1528054,0.06
2023-09-08 03:01:15,0.1645056011454434,0.17792386078838726,0.18188991970872243,0.1753102932149062,0.14641443,0.14423798,0.14619203,0.14107424,0.15007289,0.184
2023-09-08 03:01:20,0.16456890164749235,0.16526511935545796,0.16655791761348465,0.17536774590678306,0.14807977,0.14516091,0.12098005,0.1448028,0.14366798,0.086
2023-09-08 03:01:25,0.13246332835424862,0.13730263529531006,0.1351594759156559,0.11781798137913668,0.11170195,0.13819921,0.1429451,0.13366261,0.1382395,0.11
2023-09-08 03:01:30,0.14499910745225425,0.14502184679575428,0.13019860225731308,0.11100009031463287,0.17505524,0.13735966,0.18366085,0.13751586,0.15754221,0.1639999999999999
2023-09-08 03:01:35,0.14838125339745806,0.13221369199108868,0.11650248336298419,0.10366042780397322,0.14616346,0.1403845,0.12593634,0.13962945,0.17490587,0.14
2023-09-08 03:01:40,0.14929375441596104,0.13362928267062435,0.11861703766941065,0.09580018458682105,0.13424498,0.13986917,0.13812742,0.14284025,0.17014073,0.244
2023-09-08 03:01:45,0.14953994666261727,0.14167805239110257,0.12223527182142846,0.08742341270870568,0.15112738,0.13936931,0.17410728,0.1473671,0.15252422,0.17
2023-09-08 03:01:50,0.16054376575566945,0.14829878732956042,0.1527904885491607,0.14861573966137342,0.1432238,0.16019249,0.14214215,0.15665351,0.12347211,0.156
2023-09-08 03:01:55,0.15797306282796258,0.16087756729012836,0.1693735243810431,0.14737743428302963,0.13482818,0.15610701,0.18018372,0.15103318,0.14025508,0.178
2023-09-08 03:02:00,0.1572742102644823,0.15083584146718082,0.15990218814288087,0.14608636626766724,0.13944267,0.15920892,0.16517751,0.15089218,0.17928672,0.1159999999999999
2023-09-08 03:02:05,0.15708422529958452,0.1649130111760455,0.17197692294776623,0.14474905079165978,0.14552602,0.15080935,0.15362681,0.14537373,0.14218992,0.222
2023-09-08 03:02:10,0.157032577371576,0.17368984789119554,0.18502109623392063,0.14337248125779212,0.13348366,0.1513586,0.15628107,0.14415331,0.15623792,0.114
2023-09-08 03:02:15,0.14432740659591606,0.15436423470586397,0.1675247459044184,0.15193627924334763,0.097133376,0.14986613,0.10684981,0.14055109,0.1482906,0.126
2023-09-08 03:02:20,0.1524677769868162,0.14616257638842345,0.15133558146228132,0.15148617896104,0.1291016,0.1498668,0.1523969,0.14314276,0.17509466,0.038
2023-09-08 03:02:25,0.15465278512100883,0.15587295792355726,0.1600803884827853,0.15106119726261014,0.11780043,0.15414913,0.14977366,0.13709848,0.14694656,0.212
2023-09-08 03:02:30,0.15523927692878026,0.1571410234526009,0.1557665055772889,0.15066783342950352,0.104017645,0.14902268,0.14054808,0.1441396,0.12808989,0.086
2023-09-08 03:02:35,0.15539670089219726,0.14200173613871656,0.14194817283154262,0.15031246568210932,0.13632648,0.1507905,0.15940973,0.14199895,0.14130276,0.102
2023-09-08 03:02:40,0.13141825753810848,0.12807187798351968,0.11590173285292378,0.1636075804498489,0.1313496,0.13501674,0.19056852,0.13081823,0.18943201,0.22
2023-09-08 03:02:45,0.13913692419171547,0.13245964409896951,0.11871400090208295,0.16354660254006603,0.13043427,0.13867582,0.16881442,0.14069696,0.16279528,0.15
2023-09-08 03:02:50,0.1411621228232907,0.12669347234171097,0.11216146342296919,0.1634844774665396,0.11776213,0.14124474,0.12059827,0.13641869,0.17945124,0.1639999999999999
2023-09-08 03:02:55,0.14169348784802815,0.14365589453790958,0.12874474627069346,0.16342120238221014,0.13092196,0.14379503,0.14564183,0.13629995,0.188736,0.204
2023-09-08 03:03:00,0.1418329056735748,0.13194726207240856,0.11876874063916278,0.16335677445528063,0.12502852,0.14328492,0.16281505,0.14412564,0.18816288,0.15
2023-09-08 03:03:05,0.15238426869701213,0.16503058354099442,0.1702290111446796,0.162747468659159,0.116463564,0.16645956,0.1665387,0.1549068,0.14725055,0.1639999999999999
2023-09-08 03:03:10,0.1530121800844719,0.1714040591192635,0.18218543349340094,0.16419438944579534,0.082377456,0.15517168,0.15881437,0.15462263,0.1302722,0.146
2023-09-08 03:03:15,0.15317754429488817,0.1664571270278339,0.17677819618046636,0.16570575430465562,0.08313015,0.15884988,0.13629758,0.15423006,0.16586232,0.288
2023-09-08 03:03:20,0.15322109394637198,0.14665359412210394,0.15992149718011706,0.16728188919943454,0.11777294,0.16156022,0.13821107,0.1492346,0.15416533,0.13
2023-09-08 03:03:25,0.15323256300693586,0.16366558914720358,0.17024350062875165,0.16892308837573067,0.13821238,0.1633689,0.15493682,0.14933617,0.12599793,0.114
2023-09-08 03:03:30,0.145160174071506,0.1415135261195182,0.15783273061975905,0.17356226480045223,0.17886174,0.17194499,0.12372205,0.14839049,0.16429563,0.124
2023-09-08 03:03:35,0.15330206586161277,0.13747494526131335,0.1443043310641126,0.17682257984925087,0.19950916,0.17919995,0.12732086,0.15496317,0.151937,0.29
2023-09-08 03:03:40,0.15542947380772004,0.15021986246206093,0.14845055041215535,0.18028640492445902,0.17950736,0.17427143,0.13089798,0.14785177,0.12154537,0.252
2023-09-08 03:03:45,0.1559853476372715,0.1482609738032383,0.15066135529029398,0.18394668653326107,0.1659673,0.1677008,0.13732085,0.15118966,0.19460428,0.256
2023-09-08 03:03:50,0.15613059280049732,0.14351987208635802,0.14421088281372957,0.18779492784998553,0.1694811,0.16858663,0.116333835,0.14965452,0.1701457,0.2339999999999999
2023-09-08 03:03:55,0.19598565627115588,0.20731725772286463,0.22554003955251972,0.2044439565105307,0.20605685,0.19285837,0.24505734,0.19945838,0.20552962,0.246
2023-09-08 03:04:00,0.18605724765463394,0.18389025636667755,0.21512464511053445,0.2075230100882024,0.17495944,0.18747854,0.1753469,0.19221771,0.19445196,0.142
2023-09-08 03:04:05,0.18346419229743113,0.1936177134305293,0.22809979799851735,0.21068687274531328,0.14782907,0.17614722,0.18665165,0.18061998,0.17580524,0.08
2023-09-08 03:04:10,0.18278695021914593,0.20309322961842877,0.239786980170471,0.21393550215935164,0.18159601,0.17909712,0.17193145,0.17724346,0.19492933,0.264
2023-09-08 03:04:15,0.18261007129856058,0.20487230760600106,0.2357347332993675,0.2172688144412831,0.1818204,0.1704627,0.13659386,0.16385017,0.16176681,0.242
2023-09-08 03:04:20,0.201720603204337,0.18857088428617996,0.19714801052221634,0.2145002485135663,0.11292365,0.16835171,0.18488325,0.20744103,0.17435995,0.13
2023-09-08 03:04:25,0.1912864488193642,0.18810369394331755,0.2072005249142125,0.21776211822158587,0.14422925,0.15810661,0.19053811,0.18533546,0.16589078,0.2019999999999999
2023-09-08 03:04:30,0.18858353898479666,0.18436010908018968,0.20180378336565225,0.22110380547480446,0.12809937,0.1674926,0.2111333,0.18549529,0.17488366,0.076
2023-09-08 03:04:35,0.18788336518016868,0.18003152535861847,0.18994653494594657,0.22452507480681305,0.1817142,0.16076393,0.17333108,0.18029462,0.19127563,0.126
2023-09-08 03:04:40,0.18770198903864244,0.1824538210473185,0.19371945513713512,0.22802565102961125,0.20133208,0.16079852,0.15683612,0.17121881,0.16612555,0.1159999999999999
2023-09-08 03:04:45,0.1533416833232567,0.15336889536343068,0.14516516433896004,0.19505275676903722,0.14917055,0.14111556,0.16467126,0.14343844,0.14476527,0.11
2023-09-08 03:04:50,0.16326010190731527,0.15593535386389068,0.13856864506719702,0.19725078821732112,0.15489776,0.14103892,0.13992314,0.14633445,0.12799135,0.102
2023-09-08 03:04:55,0.1658945580553414,0.17459715722478641,0.15536799832344436,0.19949819698000937,0.15249884,0.14555863,0.11297593,0.14405246,0.15982899,0.158
2023-09-08 03:05:00,0.1665943025899215,0.16058024076320532,0.14407987794771823,0.20179453503440925,0.17167464,0.1491802,0.11509117,0.15167248,0.16547775,0.064
2023-09-08 03:05:05,0.16678016349864894,0.16870078601392374,0.15635509625870878,0.2041393261687503,0.15020785,0.14674963,0.14463115,0.15571184,0.18110311,0.162
2023-09-08 03:05:10,0.1563947110141875,0.17682710238272875,0.15070813062671357,0.09376062437329935,0.17628029,0.1396872,0.15755387,0.14447768,0.13744056,0.138
2023-09-08 03:05:15,0.1549085032518055,0.17036564724907166,0.14649412782255933,0.08222709612705259,0.15476148,0.13832563,0.15021746,0.1454933,0.12963915,0.178
2023-09-08 03:05:20,0.15451444444082266,0.14695414463334544,0.12750320467053522,0.06996787221902068,0.15379463,0.14675336,0.15919982,0.1456679,0.13046362,0.096
2023-09-08 03:05:25,0.15440996218037184,0.1600669716645775,0.1381084377040077,0.056996863826771715,0.09196041,0.14292254,0.17925851,0.15252623,0.12023283,0.114
2023-09-08 03:05:30,0.15438225935418282,0.14849866877251258,0.13162440788845037,0.043331901992623045,0.13211101,0.14713497,0.14929873,0.14430332,0.13492033,0.08
2023-09-08 03:05:35,0.12511420040484522,0.11398805969294992,0.10273612463804019,0.07855528256861044,0.092425905,0.12846263,0.14155065,0.12336326,0.119777896,0.11
2023-09-08 03:05:40,0.13685323809967956,0.12904620802535066,0.10637904736826971,0.06874399782005725,0.10872061,0.14289905,0.12732886,0.13478321,0.102307476,0.08
2023-09-08 03:05:45,0.13990781968960264,0.13250465811740747,0.10851725542483628,0.05855026208381764,0.09713407,0.13572115,0.12420066,0.13309814,0.1030919,0.156
2023-09-08 03:05:50,0.14070264367194685,0.12712765534297035,0.10191288207946113,0.04799847217272113,0.1001464,0.14264481,0.11195098,0.13822754,0.11105416,0.1639999999999999
2023-09-08 03:05:55,0.1409094625583677,0.14615215645720905,0.11907564289847376,0.03711516230209533,0.11538016,0.14431205,0.15863587,0.1467554,0.12822275,0.138
2023-09-08 03:06:00,0.13885047177442267,0.12561523840919292,0.12610889811242287,0.10359348260521983,0.11467281,0.13778588,0.12803774,0.14739765,0.16201916,0.094
2023-09-08 03:06:05,0.13907152322676145,0.14313515453372572,0.1391630985857916,0.10100924401254474,0.12136299,0.13267225,0.17687793,0.14734867,0.17337213,0.092
2023-09-08 03:06:10,0.1391289780959889,0.15464186478377384,0.152103681267853,0.0986504944781359,0.12288118,0.13560262,0.15945275,0.14595269,0.14864732,0.052
2023-09-08 03:06:15,0.13914391155135875,0.1527627982815813,0.14830419101470935,0.09654091918034169,0.118659966,0.12966801,0.14490199,0.14730717,0.14601302,0.186
2023-09-08 03:06:20,0.1391477929993941,0.13038226057056543,0.12869979795176179,0.09470309643987207,0.12601423,0.13610564,0.16728778,0.14196248,0.15484926,0.186
2023-09-08 03:06:25,0.14940662570204488,0.1549830884440054,0.13746454185248222,0.12594260558653758,0.14230679,0.15011296,0.17948218,0.15936194,0.17206472,0.11
2023-09-08 03:06:30,0.13988992283333693,0.13776769618840903,0.13073342841670638,0.12904665030781004,0.15889014,0.15222909,0.20869263,0.15183857,0.1655345,0.102
2023-09-08 03:06:35,0.13741494928337558,0.12595633267070222,0.11980016460643644,0.13274929303412364,0.17569272,0.15077989,0.167963,0.15264869,0.14463392,0.17
2023-09-08 03:06:40,0.1367712921095082,0.12731846300088034,0.12313393027193516,0.1370641893234108,0.16418086,0.15111418,0.15735146,0.15266223,0.18153214,0.15
2023-09-08 03:06:45,0.1366038985802006,0.13246263552978754,0.12594321412795648,0.14200170971695414,0.20442167,0.14428101,0.17913957,0.14749154,0.15167712,0.124
2023-09-08 03:06:50,0.13130741702231893,0.1241768050159135,0.12510644907026575,0.1464192928293233,0.12297016,0.14411092,0.14047725,0.13132496,0.14405559,0.136
2023-09-08 03:06:55,0.1331920923843131,0.1400700976539842,0.14187158426565477,0.15256046846764804,0.17008105,0.14360225,0.13531287,0.13247697,0.13520078,0.16
2023-09-08 03:07:00,0.13367817402017143,0.12709439917437207,0.12953987720189575,0.1593356131234529,0.16031928,0.13802527,0.13375382,0.13635018,0.13981062,0.106
2023-09-08 03:07:05,0.13380354062785538,0.13894662012050496,0.14245843672924566,0.16674121453735857,0.15055992,0.13718057,0.121022396,0.14409581,0.13338289,0.076
2023-09-08 03:07:10,0.133835874263119,0.148868093494179,0.15490937016596784,0.17477007995659033,0.15246916,0.13869941,0.12473098,0.14145231,0.13500993,0.2339999999999999
2023-09-08 03:07:15,0.16494669764851372,0.17578276218405312,0.1578760738490022,0.16763147847653315,0.1362356,0.14756986,0.15370375,0.17601821,0.15981916,0.086
2023-09-08 03:07:20,0.15524773031667632,0.14219246066264163,0.1384735456944082,0.17531896433426297,0.12506816,0.14301768,0.1581377,0.16037858,0.1374132,0.128
2023-09-08 03:07:25,0.15388544981595204,0.14347101461506745,0.14836236070573183,0.18352423753134772,0.13747437,0.14507152,0.1720001,0.16339065,0.16715704,0.146
2023-09-08 03:07:30,0.15369410901654942,0.1375616180806557,0.14160608979581923,0.19222880454642421,0.12861511,0.13684554,0.1651579,0.16208011,0.13477609,0.142
2023-09-08 03:07:35,0.15366723400696325,0.1310408886891524,0.1314095485648123,0.2014110972293892,0.12269593,0.14024861,0.16104019,0.15609671,0.16303183,0.1639999999999999
2023-09-08 03:07:40,0.144223334876696,0.1389534052457839,0.1343789865618203,0.1637491417923087,0.14407538,0.14532158,0.12261417,0.14549072,0.15225483,0.126
2023-09-08 03:07:45,0.1392124019048192,0.13384510933688337,0.13693685064452515,0.16896443626899327,0.10926229,0.13840047,0.12110123,0.14426734,0.14069748,0.108
2023-09-08 03:07:50,0.13794275158247774,0.12688336677774412,0.13062996480368663,0.17435888421753987,0.14385363,0.14438738,0.121403195,0.14572605,0.15193693,0.144
2023-09-08 03:07:55,0.13762105261941657,0.1435706679679042,0.14746021323245775,0.17990758626010006,0.10990697,0.1392473,0.11072265,0.14325523,0.12064588,0.096
2023-09-08 03:08:00,0.13753954181205996,0.12909193980703776,0.13475534773379658,0.18558446566667897,0.13944018,0.14539632,0.10978209,0.14859118,0.13318099,0.192
2023-09-08 03:08:05,0.15142094020415547,0.1566958149529352,0.14901704884011746,0.12199626060067104,0.12649645,0.14088415,0.15056896,0.14031452,0.17304972,0.1119999999999999
2023-09-08 03:08:10,0.14118960810121076,0.16562896668052152,0.16274765166591873,0.12054184724213002,0.17479193,0.13707173,0.14981635,0.1314822,0.15558,0.184
2023-09-08 03:08:15,0.1386099486135982,0.15193076229750038,0.1589308459608237,0.1190377636672082,0.15289888,0.13869518,0.13579473,0.13725038,0.13922133,0.076
2023-09-08 03:08:20,0.13795953056391785,0.13470261038656697,0.14006170577266386,0.11748343291283092,0.14859705,0.13235448,0.1657765,0.1394052,0.15782699,0.092
2023-09-08 03:08:25,0.13779553851714524,0.14328066181126095,0.1500144007333755,0.11587830224396001,0.19285998,0.14077453,0.15990771,0.13409986,0.14771806,0.108
2023-09-08 03:08:30,0.12314046886529265,0.1198851358148521,0.11427438389954978,0.1158250194815107,0.14339812,0.13830309,0.1340302,0.12963636,0.13005103,0.096
2023-09-08 03:08:35,0.1269186814964505,0.11566318003894231,0.1043585477439012,0.11169527288953773,0.1269439,0.1384822,0.14804813,0.1309823,0.11798504,0.156
2023-09-08 03:08:40,0.1278615116566818,0.11746701692457169,0.1071090700504417,0.10705267194490808,0.1327458,0.14964381,0.13564011,0.13339572,0.10854306,0.1
2023-09-08 03:08:45,0.12809678923309745,0.1180357131888247,0.10948617862652579,0.10188483389430303,0.14791557,0.14662394,0.10351018,0.13651589,0.124909244,0.174
2023-09-08 03:08:50,0.12815550133236933,0.11477246180600131,0.10356475613670386,0.09618223288778438,0.12336024,0.148635,0.12526478,0.14284293,0.12435448,0.148
2023-09-08 03:08:55,0.13578261630512614,0.14193051914321417,0.14320265586971687,0.12340004488468637,0.13287723,0.13362339,0.14452697,0.13637756,0.14290112,0.142
2023-09-08 03:09:00,0.13273934306751925,0.1307336949251288,0.13147289974886678,0.12063765907476309,0.14157662,0.12977341,0.15272155,0.13592544,0.12818079,0.156
2023-09-08 03:09:05,0.13198128289440542,0.13717543209467575,0.1431961326933204,0.1175524747456862,0.13317174,0.13307866,0.17745255,0.1410705,0.12890348,0.25
2023-09-08 03:09:10,0.1317924548854839,0.15388365172769375,0.15746901638045926,0.1141430240411232,0.125044,0.13210002,0.17103988,0.13914026,0.1257778,0.192
2023-09-08 03:09:15,0.13174541901917952,0.14424933038980048,0.152687717200529,0.11040985250805235,0.13153437,0.13599938,0.14811027,0.13839027,0.12396229,0.128
2023-09-08 03:09:20,0.1401357868831981,0.13162880060412924,0.15126958610827476,0.14902536529484678,0.14114763,0.15687002,0.12280376,0.1478304,0.17885429,0.174
2023-09-08 03:09:25,0.1431887235524716,0.14664086348005995,0.1612925559354407,0.14961669531017208,0.1490119,0.15393826,0.14630187,0.14915137,0.19815582,0.11
2023-09-08 03:09:30,0.1439567349221751,0.14090067368332584,0.15450068446440396,0.15021767317216472,0.13309172,0.14902596,0.12609035,0.1473242,0.1203862,0.16
2023-09-08 03:09:35,0.14414993954051203,0.135029613320432,0.14519249752325197,0.15082798416035814,0.11899404,0.15166628,0.12520039,0.144707,0.14210905,0.108
2023-09-08 03:09:40,0.14419854301960003,0.13468944355717172,0.14743371407313888,0.15144730796225758,0.13157578,0.14873695,0.124891765,0.14328519,0.14560743,0.0579999999999999
2023-09-08 03:09:45,0.11501746387414168,0.11576702720424487,0.1221290584178635,0.11987599766968415,0.11090099,0.1288074,0.11772389,0.1173862,0.12313044,0.134
2023-09-08 03:09:50,0.12945647931838375,0.121080035865222,0.11602348607823432,0.1154309241092264,0.13500817,0.13649996,0.12778318,0.12328671,0.13696517,0.106
2023-09-08 03:09:55,0.13311299353057782,0.1387178607578823,0.1320779120306357,0.11063939729601913,0.13270071,0.13606979,0.14889573,0.11952891,0.16550526,0.1639999999999999
2023-09-08 03:10:00,0.13403896360351025,0.12931076148397655,0.12056183760265218,0.1055084968352169,0.15409228,0.14563662,0.16838677,0.1319591,0.1586635,0.158
2023-09-08 03:10:05,0.13427345485014813,0.1453342572353526,0.13299878361833467,0.10004707235768606,0.15662204,0.14169234,0.16563967,0.14096719,0.18060644,0.29
2023-09-08 03:10:10,0.18725220574070783,0.20599634317465418,0.1909220122415023,0.16633947182936737,0.1718181,0.16230498,0.17435338,0.18650952,0.16633132,0.208
2023-09-08 03:10:15,0.16117172393120408,0.17164706007251276,0.18562088325796394,0.16896518290577944,0.17592348,0.149289,0.16885416,0.17197506,0.17186934,0.18
2023-09-08 03:10:20,0.1545517129001221,0.15063622716604347,0.1676527077934197,0.1717882094821661,0.12331214,0.15472178,0.18788826,0.18156639,0.18315737,0.16
2023-09-08 03:10:25,0.1528713549078216,0.15265912830129427,0.17702588488843193,0.17481642761730143,0.10933351,0.14557795,0.15484275,0.16540368,0.14730434,0.074
2023-09-08 03:10:30,0.15244482948829724,0.15099732024504808,0.17073984754534577,0.17805662725611882,0.13238415,0.14685322,0.14974043,0.15369153,0.15160072,0.076
2023-09-08 03:10:35,0.12496256498835354,0.11352831221946132,0.12309862288749737,0.15046560395109765,0.09568187,0.1521498,0.10527061,0.12759073,0.09371794,0.146
2023-09-08 03:10:40,0.13775079208995933,0.12452338000480301,0.12484675348320964,0.1508859994746672,0.13426557,0.15538584,0.09727923,0.13244207,0.11591785,0.086
2023-09-08 03:10:45,0.1410908694008834,0.13468833515532952,0.12851428251916266,0.15130563275347697,0.11848276,0.15603043,0.10561031,0.13915792,0.1008896,0.182
2023-09-08 03:10:50,0.14196324337065352,0.1280494205431386,0.12217293976992685,0.15172410567345906,0.09941428,0.15839162,0.09089589,0.14590894,0.10013709,0.092
2023-09-08 03:10:55,0.1421910932891699,0.14664568580543602,0.13863645885285222,0.15214101842766325,0.13887836,0.15296294,0.119532816,0.14928934,0.12068053,0.128
2023-09-08 03:11:00,0.13581740568105963,0.1305460948209682,0.12483154506623807,0.14333391431483733,0.16435967,0.12938748,0.14961545,0.12808868,0.15107673,0.144
2023-09-08 03:11:05,0.13783646953646775,0.15377934820288292,0.13844607046586518,0.14338900666379573,0.17223085,0.13324995,0.18299226,0.13441756,0.17798795,0.136
2023-09-08 03:11:10,0.1383579492982374,0.16223732784998451,0.15094728484123804,0.14343405095449668,0.19493571,0.1340046,0.15925807,0.13717361,0.18405935,0.172
2023-09-08 03:11:15,0.1384926360448734,0.15470634771926256,0.14524579458514708,0.14346861428876423,0.16433531,0.13604836,0.1374999,0.13449076,0.17551383,0.066
2023-09-08 03:11:20,0.1385274226675754,0.13679881015988177,0.1275651053971291,0.1434922650935846,0.17246196,0.13641545,0.13582087,0.1364777,0.17049688,0.142
2023-09-08 03:11:25,0.1379913582634248,0.1372074579109518,0.12981862323822776,0.13895509362798864,0.16395977,0.13659023,0.14618662,0.13138832,0.12683064,0.1159999999999999
2023-09-08 03:11:30,0.13696296541714187,0.12952826179880528,0.123743680858341,0.13877555277435905,0.12294891,0.13570474,0.15656213,0.13263065,0.14491902,0.168
2023-09-08 03:11:35,0.13669913743854345,0.12413683811714311,0.1146632813377786,0.13858014955839915,0.12500535,0.13914394,0.15790494,0.1360952,0.14810643,0.1
2023-09-08 03:11:40,0.13663145396277548,0.12210255303968981,0.11597845616383301,0.13836844756701416,0.12360627,0.13856207,0.14435937,0.13806595,0.14245091,0.11
2023-09-08 03:11:45,0.1366140901755215,0.13117677160549573,0.1204318457133954,0.13814001388251906,0.12527227,0.13971876,0.14384635,0.13770719,0.1170165,0.124
2023-09-08 03:11:50,0.13010221927077603,0.11793256285364441,0.11467523129423189,0.13206890462818244,0.16296996,0.1296833,0.124760345,0.13312387,0.13601165,0.1119999999999999
2023-09-08 03:11:55,0.13166045853758246,0.13651518401343127,0.1312711454775047,0.13157882512383345,0.13601847,0.13795719,0.11870157,0.13441293,0.10923394,0.092
2023-09-08 03:12:00,0.132058364529628,0.12817245943765557,0.12004438707532948,0.13106625212400935,0.15333396,0.13781805,0.13647103,0.13850093,0.12816544,0.118
2023-09-08 03:12:05,0.1321599722749072,0.14006587818232707,0.1333385491103508,0.1305307579805426,0.11063032,0.13572946,0.12114333,0.13797297,0.10857475,0.122
2023-09-08 03:12:10,0.13218591843834054,0.1544618484661671,0.14633467068577552,0.12997192103149224,0.1101935,0.14315282,0.11631503,0.14130858,0.09423989,0.122
2023-09-08 03:12:15,0.12545137846210022,0.1271266094045959,0.1283423774217799,0.11166964644246669,0.13261159,0.12774129,0.11553401,0.12042512,0.1059632,0.212
2023-09-08 03:12:20,0.12632958856460166,0.11847409204799195,0.11112118317218457,0.11086995250498077,0.14293274,0.12963009,0.13221873,0.12434271,0.1313068,0.126
2023-09-08 03:12:25,0.12655305086889682,0.12551407214163948,0.1194034897338925,0.11014325027239646,0.13206851,0.12990478,0.13974026,0.124496624,0.12253178,0.12
2023-09-08 03:12:30,0.12660991129591612,0.12329876556745144,0.11367230010099576,0.10948916357916616,0.12778205,0.12966959,0.15730487,0.12789622,0.15262553,0.094
2023-09-08 03:12:35,0.12662437954446934,0.11109021577046277,0.10417591101346521,0.10890673335527001,0.13149548,0.14188558,0.15976241,0.13065064,0.11895257,0.084
2023-09-08 03:12:40,0.11429963439344623,0.10641342951717547,0.10638736218402947,0.11966913612106111,0.08393751,0.12145277,0.11905114,0.1225399,0.1287065,0.114
2023-09-08 03:12:45,0.12202582657932028,0.11585422264608639,0.11092410648867498,0.11870306044468748,0.07158384,0.12844321,0.1195415,0.13805312,0.12687857,0.064
2023-09-08 03:12:50,0.12399595086920191,0.10966310602938736,0.10384652619832437,0.11770627402286493,0.090926595,0.13252324,0.12042282,0.13702352,0.1400154,0.174
2023-09-08 03:12:55,0.1244983186105426,0.1242803431521774,0.1201298906055337,0.11667841550962521,0.11609988,0.13123994,0.117632225,0.13689968,0.121642865,0.134
2023-09-08 03:13:00,0.12462641882677561,0.11557929800148793,0.1092185743610698,0.11561913303202687,0.13172409,0.13658059,0.11926161,0.14526992,0.14765324,0.118
2023-09-08 03:13:05,0.1227630459415199,0.1310457045964393,0.13163637897795744,0.12260932796755308,0.14170869,0.13575684,0.14397678,0.12622508,0.16216955,0.158
2023-09-08 03:13:10,0.12397221741660236,0.1434123526037283,0.1444771604089767,0.1234217806150002,0.15050375,0.13551028,0.14182524,0.13128398,0.1361616,0.2019999999999999
2023-09-08 03:13:15,0.12427918394056717,0.14224259940691467,0.13880342391650857,0.12429421344884961,0.14121674,0.13526103,0.14757037,0.12997428,0.14468974,0.1639999999999999
2023-09-08 03:13:20,0.12435711204983604,0.12125292300677465,0.12120395604335635,0.12521944309116684,0.1351472,0.13927324,0.12896784,0.13007778,0.14803402,0.158
2023-09-08 03:13:25,0.12437689528266478,0.12826372101428707,0.1291666657575912,0.1261899726224116,0.1555774,0.13673462,0.14134622,0.13237432,0.1365078,0.23
2023-09-08 03:13:30,0.16639751745467446,0.1615725701124474,0.16254672231523148,0.18680005435679092,0.15169345,0.1689276,0.16840924,0.17536275,0.17029862,0.104
2023-09-08 03:13:35,0.15007940182489102,0.13826696623006984,0.1530630537172622,0.1944107312279435,0.13803013,0.15549818,0.14471295,0.15624444,0.13785969,0.146
2023-09-08 03:13:40,0.1458927586774758,0.13782287562952855,0.15462050372242503,0.2023764518384059,0.14530872,0.15616396,0.14976335,0.16184054,0.17034109,0.132
2023-09-08 03:13:45,0.14481861621878364,0.1385900002748502,0.15868575085834577,0.21068157233474594,0.14574991,0.15773368,0.13221894,0.15384154,0.15597716,0.18
2023-09-08 03:13:50,0.14454302979287162,0.13784479866024937,0.1526115961785988,0.21930871387888828,0.14609635,0.15678369,0.13644649,0.15093909,0.13347146,0.138
2023-09-08 03:13:55,0.14092919943046048,0.14743353281304641,0.16031610245898917,0.1675680187859463,0.112892054,0.15467672,0.11972,0.14737129,0.121544264,0.158
2023-09-08 03:14:00,0.14167422848950373,0.13665159257345333,0.149367804222361,0.1703556177077168,0.13111886,0.1513468,0.12812474,0.14897187,0.16305268,0.168
2023-09-08 03:14:05,0.14186372337095385,0.1509924288777471,0.1628066479810888,0.1730942108624518,0.12272358,0.15156195,0.14581373,0.14604482,0.14476843,0.1939999999999999
2023-09-08 03:14:10,0.1419119205649558,0.16584857918025797,0.17595791377086142,0.1757683933571883,0.15395004,0.15079412,0.15692383,0.14996257,0.15864925,0.27
2023-09-08 03:14:15,0.14192417931037354,0.15720419419974113,0.1701462223242478,0.17836301901912321,0.121467374,0.15123333,0.14900227,0.14848603,0.15823403,0.1
2023-09-08 03:14:20,0.1386781983647215,0.12976122630545406,0.1591525210196845,0.1840715170123275,0.14861302,0.16947502,0.12648182,0.15127394,0.17614223,0.13
2023-09-08 03:14:25,0.14840168305176207,0.15166396773976143,0.16782435420741285,0.18665678334114233,0.17762996,0.16473846,0.16046381,0.16343498,0.16587862,0.11
2023-09-08 03:14:30,0.15084611320767513,0.143528597831387,0.16089897231010122,0.1891174522211614,0.11492053,0.1592178,0.12922944,0.15396284,0.14618008,0.1119999999999999
2023-09-08 03:14:35,0.15146062940011598,0.13886493990825463,0.15189224529453035,0.1914392636451936,0.12263229,0.15521231,0.1684488,0.15730375,0.13510409,0.158
2023-09-08 03:14:40,0.15161511536481354,0.13928249413303212,0.15326952002512756,0.1936085980136717,0.09694671,0.15295042,0.14339705,0.15401518,0.14521152,0.228
2023-09-08 03:14:45,0.17290027276830505,0.17312632966018224,0.15975029047895128,0.16237902467419119,0.14346527,0.15780172,0.1778625,0.17411256,0.15965183,0.118
2023-09-08 03:14:50,0.15894568449230678,0.1508596249424427,0.15326304642855765,0.16122404052131856,0.14879894,0.15284954,0.16194662,0.1673603,0.12991412,0.152
2023-09-08 03:14:55,0.15541153752396,0.16337946678918921,0.1691895581357616,0.1597739008511816,0.16336112,0.15758966,0.15166181,0.16525784,0.1476774,0.19
2023-09-08 03:15:00,0.1545164774514706,0.15314914007449826,0.15839517739321984,0.15802410542115553,0.17014384,0.15860616,0.14412467,0.16160554,0.15614864,0.204
2023-09-08 03:15:05,0.15428979402813253,0.16710876691518128,0.1719566638410078,0.15597167454110306,0.17853741,0.15962695,0.13833913,0.15837036,0.15401556,0.154
2023-09-08 03:15:10,0.15570196138904238,0.1796772830203339,0.18861603327896645,0.16176201388715583,0.16518933,0.15701409,0.16029598,0.15223488,0.1720673,0.226
2023-09-08 03:15:15,0.1561299095813437,0.1643855975090463,0.18131384611626483,0.16026256672702566,0.15931962,0.15640688,0.14580688,0.15375169,0.15700515,0.186
2023-09-08 03:15:20,0.15623751464011476,0.15056552441203486,0.1641490134791728,0.15853554691349991,0.11444811,0.15086454,0.13529098,0.14860672,0.14406422,0.086
2023-09-08 03:15:25,0.15626457129996618,0.15541573623632915,0.17241342582010594,0.1565836275787298,0.09889635,0.15492998,0.1280738,0.14994635,0.14174855,0.08
2023-09-08 03:15:30,0.15627137453812873,0.15095886773867698,0.165686374944538,0.15441061507363685,0.118056074,0.15384834,0.13839385,0.14961146,0.14008246,0.154
2023-09-08 03:15:35,0.15265632461676315,0.1433228658093044,0.13254409896138272,0.15992046422292816,0.121573016,0.14074324,0.13871828,0.13255641,0.13238165,0.152
2023-09-08 03:15:40,0.15231445667534108,0.14727246218887252,0.13469632632932427,0.15997903519751588,0.13434614,0.14301285,0.13189149,0.13625677,0.12504344,0.196
2023-09-08 03:15:45,0.1522274760765817,0.14532273039525562,0.13798924306248175,0.16003768883132352,0.12666099,0.14371757,0.12950175,0.13681501,0.11067309,0.142
2023-09-08 03:15:50,0.15220534582204814,0.14110685157843372,0.13188124829165626,0.16009642509579436,0.15623151,0.14352185,0.16314468,0.14124288,0.17779326,0.076
2023-09-08 03:15:55,0.1521997152771599,0.15797493633493298,0.14810241324222495,0.1601552439592524,0.16941258,0.14537475,0.1665757,0.14260699,0.15486166,0.064
2023-09-08 03:16:00,0.12146739264464304,0.11891382459767447,0.119018446652312,0.1428615424433346,0.11136634,0.12897848,0.1331282,0.12640461,0.14273226,0.118
2023-09-08 03:16:05,0.13627640608186298,0.14448816601155523,0.13204940222066025,0.14252381254201651,0.11660691,0.13256532,0.13083251,0.1327002,0.14844318,0.214
2023-09-08 03:16:10,0.14009260286566128,0.1666651583725004,0.14621452398765095,0.14217006668349086,0.108784735,0.13484094,0.16155481,0.13033168,0.14661129,0.206
2023-09-08 03:16:15,0.14107601462056388,0.15645237304881782,0.13874582601218416,0.14180020376196012,0.12492573,0.1409312,0.11134392,0.13714501,0.14183584,0.18
2023-09-08 03:16:20,0.14132943412025697,0.134653354718477,0.12078418863716935,0.14141412908318785,0.13235186,0.13871233,0.12284983,0.14130412,0.15717734,0.128
2023-09-08 03:16:25,0.14436200959695084,0.14296322355843824,0.15364655157652873,0.14267987420112238,0.13825841,0.14533852,0.15105635,0.1474186,0.13746075,0.128
2023-09-08 03:16:30,0.1486168121533407,0.14559981281432136,0.14750515458526822,0.14230707185275104,0.15992726,0.14803113,0.16135009,0.15081692,0.15373343,0.214
2023-09-08 03:16:35,0.1497232376621752,0.13927452676983937,0.1389646403978841,0.14209561069709853,0.12946214,0.14613557,0.15719636,0.14772467,0.162424,0.222
2023-09-08 03:16:40,0.15001095428130745,0.14406008755897604,0.14131170402929066,0.14205756290024496,0.1386146,0.14163648,0.15208249,0.14720872,0.20285508,0.168
2023-09-08 03:16:45,0.15008577256077038,0.14316873197193755,0.14431379389257712,0.14220389051473337,0.1325035,0.14572066,0.14142802,0.15193692,0.1725702,0.148
2023-09-08 03:16:50,0.15502095630330226,0.1416380421607593,0.1585668694279357,0.1763051609324897,0.20621507,0.16177413,0.1461097,0.15530317,0.17352329,0.244
2023-09-08 03:16:55,0.1568501729617761,0.15587019805522973,0.17434974051545846,0.17752190768466214,0.123005666,0.15836422,0.1255167,0.15183917,0.16935581,0.108
2023-09-08 03:17:00,0.1573267510003069,0.15107764487448105,0.16432716114001011,0.17875430919848334,0.12107343,0.15774065,0.14680114,0.15691635,0.17596039,0.23
2023-09-08 03:17:05,0.15745091706109457,0.16908663604558954,0.17803323310160188,0.18000229175159532,0.12885441,0.15279962,0.17417158,0.14443398,0.16049361,0.25
2023-09-08 03:17:10,0.15748326687456699,0.18257081364124372,0.19201100068357177,0.18126577860923376,0.15184243,0.15365127,0.17699273,0.1517352,0.18622932,0.17
2023-09-08 03:17:15,0.17040556899727055,0.1763214898433198,0.20033470041285018,0.21322711816578277,0.202239,0.17638342,0.18984386,0.16962886,0.22345535,0.1939999999999999
2023-09-08 03:17:20,0.17050866326912958,0.16067754406929746,0.18205662653935675,0.22046210312830894,0.25916395,0.17269796,0.19200559,0.16874233,0.23627792,0.148
2023-09-08 03:17:25,0.17053486948548655,0.1671096540067423,0.19027564910980901,0.22811075389554247,0.24799867,0.17038658,0.18522537,0.16849186,0.18952698,0.12
2023-09-08 03:17:30,0.17054153101733854,0.169663526315106,0.18488070106584215,0.23616027866477296,0.2262472,0.16800444,0.18195847,0.16212392,0.18546085,0.196
2023-09-08 03:17:35,0.17054322435627808,0.16369366913193287,0.17652906621874298,0.24459531793067413,0.16849646,0.16944015,0.14266628,0.16468829,0.17873599,0.172
2023-09-08 03:17:40,0.1699503099998591,0.16455136323373756,0.1661110118264896,0.1902691190794954,0.15108806,0.1583249,0.1573599,0.16032779,0.15694816,0.06
2023-09-08 03:17:45,0.16942902513089217,0.16337715099032735,0.16891039441230565,0.19255985642178075,0.18536462,0.16542168,0.16599274,0.1586242,0.13641591,0.1639999999999999
2023-09-08 03:17:50,0.1692964500026556,0.16377499502333204,0.16322871695273589,0.1948355654358167,0.15007654,0.15934147,0.15910418,0.1571744,0.14396141,0.08
2023-09-08 03:17:55,0.16926273299747613,0.16839328713087098,0.17775850030372506,0.1970797259159056,0.18325116,0.15318893,0.15285769,0.15942878,0.15590063,0.166
2023-09-08 03:18:00,0.16925415796192161,0.16900582095634215,0.16882316846548795,0.19927547295876025,0.2198737,0.15468541,0.1765818,0.15622002,0.13039488,0.102
2023-09-08 03:18:05,0.139538586341412,0.1534232415908607,0.14674465683674232,0.12451131855281616,0.13267681,0.13549156,0.11475726,0.1286898,0.11872665,0.208
2023-09-08 03:18:10,0.1490892437355401,0.17098405046201842,0.15997589580224375,0.11845974216736721,0.12975459,0.13759612,0.11898593,0.12906048,0.123967074,0.26
2023-09-08 03:18:15,0.1515191449531943,0.16612839393093864,0.15257991970633006,0.1119208824290574,0.1255449,0.13759288,0.13601577,0.13388821,0.099153966,0.086
2023-09-08 03:18:20,0.15213736626340352,0.14674975895448972,0.1341225865886077,0.10488829417167267,0.12621686,0.14808302,0.13472576,0.14148904,0.11374168,0.2019999999999999
2023-09-08 03:18:25,0.1522946556155879,0.15190020194431447,0.14205427541686183,0.09735781528014442,0.1454013,0.14408192,0.116514176,0.13785286,0.15781109,0.17
2023-09-08 03:18:30,0.16428563625540576,0.16321779401621295,0.1608788590963124,0.15974322759719684,0.18247063,0.16750723,0.15266307,0.1592615,0.14609148,0.154
2023-09-08 03:18:35,0.16285255905475535,0.15273410648847197,0.1523590346952413,0.15861348816341447,0.12458006,0.16046016,0.14818338,0.15541224,0.14443648,0.256
2023-09-08 03:18:40,0.16249316466636576,0.1480006486494852,0.1532886953281203,0.15733856421625347,0.17623712,0.16272669,0.1473971,0.15932946,0.14171678,0.11
2023-09-08 03:18:45,0.1624030339139211,0.15615773859610582,0.1569657769857622,0.15591416337224118,0.22228058,0.1534005,0.15579115,0.1553388,0.14640714,0.118
2023-09-08 03:18:50,0.16238043046545703,0.14629114303050805,0.15060814982113668,0.15433675426812954,0.16968651,0.15913135,0.15080233,0.15888533,0.1369041,0.214
2023-09-08 03:18:55,0.17768030067618612,0.18469444387206818,0.1767866893699948,0.16701989615016544,0.18082276,0.1630964,0.17691307,0.17188452,0.16352332,0.262
2023-09-08 03:19:00,0.16867371352770674,0.16408185920356833,0.16741380649089027,0.16718075733611215,0.15648976,0.16315551,0.15311079,0.16742742,0.16767724,0.3
2023-09-08 03:19:05,0.1664402530758476,0.1807284592669856,0.1819096937709248,0.16733867647812417,0.150667,0.16007784,0.2059505,0.16189279,0.17931415,0.212
2023-09-08 03:19:10,0.16588639782437634,0.1958074788264626,0.195417917407394,0.16749372564535037,0.15919198,0.1600387,0.14269172,0.16147807,0.17016739,0.278
2023-09-08 03:19:15,0.16574905237045215,0.17710356410683276,0.1867166718612927,0.16764597916525759,0.1667898,0.15882428,0.18017916,0.15477946,0.15974195,0.192
2023-09-08 03:19:20,0.18997237529365668,0.18378029668169088,0.2084983996095287,0.23930432730736229,0.20213664,0.19219844,0.24396598,0.18974805,0.23393437,0.2319999999999999
2023-09-08 03:19:25,0.18946865739825364,0.18647210458445979,0.21613040510378875,0.24614045287566455,0.2028001,0.19027941,0.18635885,0.18851595,0.18347655,0.3
2023-09-08 03:19:30,0.1893435199813759,0.18520860657124838,0.2113121181345626,0.253232413418953,0.25947443,0.19981152,0.23756428,0.18002827,0.1914792,0.188
2023-09-08 03:19:35,0.18931243239595213,0.18539203965109388,0.20367393274994247,0.26056981049161365,0.2055141,0.1798928,0.23413767,0.17941584,0.15293585,0.102
2023-09-08 03:19:40,0.18930470938239158,0.1761235695051531,0.20342767498258554,0.268140956567958,0.2065063,0.16624409,0.220967,0.18808185,0.14975329,0.152
2023-09-08 03:19:45,0.17904349986974133,0.1777016840080094,0.18753524468945657,0.2002399868144149,0.15958506,0.1714804,0.13967223,0.16063958,0.16973795,0.148
2023-09-08 03:19:50,0.18583404603420453,0.1820097757349678,0.18202566573355847,0.20143455356086548,0.14268072,0.17015593,0.177087,0.16360584,0.16418737,0.142
2023-09-08 03:19:55,0.18753913292879318,0.19968425658644146,0.1974126963650179,0.20264591766470552,0.16197072,0.16921653,0.16857299,0.15817706,0.17792624,0.262
2023-09-08 03:20:00,0.1879672754150799,0.19362465259452527,0.18841076801938694,0.2038742101041997,0.15161954,0.16868027,0.17143849,0.15698932,0.1808917,0.284
2023-09-08 03:20:05,0.18807478077984782,0.20269771646611182,0.2020841854740805,0.2051195580692422,0.2085515,0.17042644,0.17287548,0.15895925,0.18259238,0.1639999999999999
2023-09-08 03:20:10,0.18506402959937107,0.21235175627474426,0.22481075115710952,0.21132511062277004,0.16284294,0.18942952,0.17255923,0.19400787,0.18016289,0.166
2023-09-08 03:20:15,0.19035816330410682,0.20577686023119496,0.21546025537933555,0.21256478711325855,0.17908406,0.187208,0.15371156,0.18703836,0.21200763,0.278
2023-09-08 03:20:20,0.19168876586290953,0.19347705039135915,0.1985450315238849,0.21380892245290894,0.15976644,0.18246207,0.15020922,0.17755358,0.18844791,0.2239999999999999
2023-09-08 03:20:25,0.19202319322501196,0.20447489637044292,0.2066455161387687,0.21505732719891668,0.18310702,0.18111351,0.15182088,0.17884357,0.17109542,0.254
2023-09-08 03:20:30,0.19210724661855377,0.194076080727036,0.2009625785009485,0.21630981056636855,0.12321833,0.17405981,0.131345,0.17424357,0.1684155,0.208
2023-09-08 03:20:35,0.20471344974703176,0.19235144983730532,0.20668126183255842,0.22079066568787553,0.22038555,0.19423568,0.19964121,0.18952613,0.18658027,0.132
2023-09-08 03:20:40,0.2038989940197368,0.19397948928828684,0.20684690378623571,0.22118805124319962,0.17398025,0.19393674,0.2016253,0.18648048,0.18635488,0.218
2023-09-08 03:20:45,0.20369715985300696,0.19699028033851054,0.210468443009359,0.22147525853949546,0.21550606,0.18585923,0.16649061,0.18499288,0.17131168,0.308
2023-09-08 03:20:50,0.20364714236341938,0.19150581978217948,0.2049622405969503,0.2216519013754361,0.19556917,0.18979359,0.16815977,0.18051475,0.17689715,0.324
2023-09-08 03:20:55,0.20363474729025027,0.21259334128990415,0.22119213638787028,0.22171793306918808,0.22919078,0.18228337,0.17074136,0.17500009,0.1394705,0.228
2023-09-08 03:21:00,0.21997272197931161,0.22524113291504008,0.24071709298806462,0.23539856447987262,0.21244028,0.20200267,0.23689532,0.21363238,0.18390708,0.294
2023-09-08 03:21:05,0.21798905661606388,0.2321572398516213,0.2533040632676751,0.23743579296463224,0.19083452,0.20097198,0.19718279,0.2123626,0.18136492,0.17
2023-09-08 03:21:10,0.21749886202417265,0.2462664930357405,0.26717107943481283,0.23950225142229442,0.28979245,0.19399743,0.19594783,0.20124017,0.17574178,0.294
2023-09-08 03:21:15,0.21737772730943125,0.24002722660820097,0.25879350231085685,0.24159802062031588,0.24985692,0.1941843,0.19308044,0.18862356,0.15389866,0.158
2023-09-08 03:21:20,0.21734779303565874,0.22194681525057475,0.24158029786691407,0.24372317255209452,0.27248466,0.18832883,0.16157514,0.18953314,0.1957778,0.228
2023-09-08 03:21:25,0.22260626075228024,0.2306169996369548,0.2301167833978835,0.23548260495037754,0.12997401,0.19780083,0.23414789,0.19019124,0.1853588,0.096
2023-09-08 03:21:30,0.22130981869365407,0.22194988215941985,0.2241095750228925,0.23555577239145586,0.10240915,0.20138891,0.21074112,0.18312448,0.2110609,0.272
2023-09-08 03:21:35,0.22099820518506902,0.20983819493510908,0.21530684585618234,0.23550543151139358,0.1444732,0.18959515,0.21572605,0.18772127,0.1867201,0.288
2023-09-08 03:21:40,0.22092330559500514,0.2145931218525559,0.2161563286300306,0.2353295975107499,0.17630024,0.18950614,0.2307359,0.18462491,0.18613319,0.282
2023-09-08 03:21:45,0.22090530268936343,0.2230034322647213,0.22046163000157537,0.23502648030906448,0.20065713,0.18586238,0.19557178,0.18639287,0.18651456,0.2239999999999999
2023-09-08 03:21:50,0.22524823702422506,0.22345025600703478,0.2295667939265079,0.24759299057733397,0.20905033,0.21227552,0.24900997,0.21258177,0.21353094,0.21
2023-09-08 03:21:55,0.22554629167694032,0.23405884548194644,0.24489747335874854,0.249595533994162,0.15767288,0.19666979,0.21626633,0.20302221,0.18632194,0.276
2023-09-08 03:22:00,0.22561746131402136,0.23042067699500568,0.23672407335017298,0.2516220943630989,0.19130893,0.20101988,0.19698589,0.1952689,0.22152896,0.18
2023-09-08 03:22:05,0.22563445523508954,0.2353267258711182,0.24825058388485388,0.25367266395803334,0.15373045,0.19429946,0.20465122,0.18434367,0.18608096,0.228
2023-09-08 03:22:10,0.2256385130519496,0.25540560851920807,0.2629833342886336,0.255747227035231,0.17342862,0.1953829,0.19973804,0.19135834,0.18534166,0.386
2023-09-08 03:22:15,0.2754487422900694,0.2773035811642647,0.26909986071343683,0.26601908602700064,0.22651045,0.21157157,0.3012825,0.24785711,0.21208254,0.24
2023-09-08 03:22:20,0.24952049291716588,0.24512565610128037,0.25257636577123926,0.26959355510118854,0.29358274,0.21956597,0.25595897,0.2398102,0.14761427,0.3279999999999999
2023-09-08 03:22:25,0.2434393851173124,0.24116474790757697,0.2597432379096265,0.27332636768085194,0.22655693,0.20124894,0.24654046,0.22337362,0.19566987,0.3279999999999999
2023-09-08 03:22:30,0.24201314644066324,0.24452466404240686,0.255181363256457,0.2772149813970657,0.2886777,0.18830307,0.26987055,0.20860407,0.17035346,0.228
2023-09-08 03:22:35,0.24167864213162618,0.237112468828098,0.246576126487008,0.28125571118120973,0.13882829,0.18753278,0.22533959,0.20733868,0.18528415,0.07
2023-09-08 03:22:40,0.19232198539834003,0.19184706565387988,0.22232968300715977,0.26102497760231813,0.18725915,0.2057714,0.16157526,0.16988163,0.19042084,0.094
2023-09-08 03:22:45,0.22166243632918553,0.21994821142898918,0.22614973039288713,0.2629788716530044,0.18056925,0.19674073,0.15031089,0.19070965,0.16608705,0.166
2023-09-08 03:22:50,0.22870010873142757,0.22087560491383565,0.22077097678401722,0.26495105529123464,0.2448196,0.19040817,0.15873691,0.18662007,0.14596201,0.11
2023-09-08 03:22:55,0.23038818206602005,0.23866716901375756,0.23648664594657892,0.26694142994142567,0.13717745,0.19771284,0.16099055,0.18341804,0.12475147,0.11
2023-09-08 03:23:00,0.23079308746941085,0.22936590250164052,0.22761850612153678,0.2689498899123208,0.1757292,0.19584264,0.17487353,0.19447571,0.1531449,0.23
2023-09-08 03:23:05,nan,0.2223835601481651,0.18823791220493888,0.2137243567516549,0.16242966,0.1752623,0.15520038,0.17573684,0.17837186,0.252
2023-09-08 03:23:10,nan,0.2405618226950047,0.2040977447305312,0.21280510702818578,0.15170796,0.1801104,0.19484918,0.17461227,0.20332347,0.3879999999999999
2023-09-08 03:23:15,nan,0.22124202022488754,0.19363881770664956,0.2118218273787491,0.13066548,0.17656855,0.17086495,0.17430438,0.2008154,0.262
2023-09-08 03:23:20,nan,0.2105835321640207,0.1779404508593205,0.21077384092085882,0.21524385,0.17830336,0.18342121,0.17119855,0.19216059,0.114
2023-09-08 03:23:25,nan,0.2160817438130729,0.18505030432903294,0.20966049551500543,0.11118277,0.18223569,0.17105974,0.16951276,0.17479774,0.266
2023-09-08 03:23:30,0.23323218180500094,0.2279850143991097,0.21854277454384297,0.2100514155132167,0.15329017,0.19793537,0.19096151,0.224444,0.18636853,0.214
2023-09-08 03:23:35,0.2248968750624319,0.20503736870544118,0.20877106589534536,0.20915554293458527,0.18923375,0.19567133,0.14019361,0.21606414,0.16329953,0.218
2023-09-08 03:23:40,0.22277658319315752,0.20517046971055447,0.2097314010385673,0.20834457036273335,0.228598,0.195119,0.1697413,0.20535393,0.18435873,0.2239999999999999
2023-09-08 03:23:45,0.22223723440255436,0.21197692008902447,0.21408787528906134,0.20762528852136697,0.24788803,0.18693608,0.18967935,0.20296337,0.19671218,0.054
2023-09-08 03:23:50,0.22210003766934014,0.20422558104800234,0.2082933922551218,0.2070039003684485,0.2153138,0.18753831,0.2078599,0.19765311,0.19711734,0.168
2023-09-08 03:23:55,0.19652379454609797,0.200551748529047,0.19307771392187037,0.16745825718818352,0.19077116,0.14929275,0.15906323,0.15632904,0.18779199,0.166
2023-09-08 03:24:00,0.20378303332745046,0.20747626289975996,0.18522679691711713,0.1624135657670216,0.096119106,0.15297168,0.16095981,0.1558572,0.165989,0.166
2023-09-08 03:24:05,0.2056304925636165,0.21917155473890443,0.19709693037437995,0.157225236321068,0.20197496,0.15796638,0.17469284,0.15779898,0.17277914,0.168
2023-09-08 03:24:10,0.2061006666041871,0.2454925531762263,0.21391532712868866,0.1519004763635472,0.14539449,0.15979327,0.1680743,0.17064576,0.18784927,0.2319999999999999
2023-09-08 03:24:15,0.20622032479425642,0.22223293012691833,0.20253858158157112,0.14644696402072555,0.17105426,0.15537918,0.16559264,0.16382208,0.20431103,0.216
2023-09-08 03:24:20,0.20639984604667266,0.19142864253311226,0.18342742071794954,0.18963607903279467,0.24310842,0.16165374,0.17870958,0.18549737,0.17982101,0.314
2023-09-08 03:24:25,0.20395426834968652,0.20498446025856873,0.1916708318904981,0.18745631332951973,0.18813127,0.15750317,0.19083138,0.17076902,0.15044522,0.284
2023-09-08 03:24:30,0.2033312731038735,0.19773270200994872,0.185998323139535,0.1851981380399934,0.070012346,0.1623573,0.19725546,0.1700922,0.18191002,0.262
2023-09-08 03:24:35,0.20317256905747008,0.1887365927857809,0.17632453657487368,0.1828612405268899,0.17478774,0.16590767,0.18419693,0.16884391,0.1675395,0.336
2023-09-08 03:24:40,0.20313214021870432,0.1898149214716772,0.17733258000360633,0.1804453413062106,0.19104278,0.15982069,0.1957865,0.15970099,0.15655242,0.254
2023-09-08 03:24:45,0.23436147936316254,0.22493746772814138,0.2514536279605184,0.22140053305776952,0.22300659,0.218697,0.20617838,0.2362871,0.20876878,0.1639999999999999
2023-09-08 03:24:50,0.22925326647693253,0.21946036317767395,0.24659484608611756,0.22062718209168786,0.21464293,0.22075108,0.17231755,0.20951961,0.16055824,0.122
2023-09-08 03:24:55,0.22792455952524393,0.2323196359081194,0.26208786878217116,0.21981055600286936,0.20545553,0.1950905,0.10792303,0.21049772,0.16497336,0.108
2023-09-08 03:25:00,0.2275789470375137,0.22614009212721106,0.25428626871943705,0.218950493276596,0.21091892,0.19102368,0.114889875,0.20216146,0.16831814,0.158
2023-09-08 03:25:05,0.227489049117191,0.23680746228595836,0.26612219028687173,0.2180468512290492,0.17485204,0.18720588,0.10396412,0.19148211,0.15359886,0.128
2023-09-08 03:25:10,0.18117878961664458,0.20610665760541802,0.20018434049617065,0.1751822911189862,0.25345433,0.14537814,0.13854189,0.1556003,0.1328137,0.128
2023-09-08 03:25:15,0.19537764428506466,0.20808159186203595,0.18885319128543454,0.17135325138887936,0.2806503,0.15790868,0.1599128,0.16342917,0.17674142,0.24
2023-09-08 03:25:20,0.19916876994528113,0.2013317960295371,0.17283476286548966,0.1672442021225038,0.2494295,0.15728019,0.18332604,0.16369429,0.17994604,0.22
2023-09-08 03:25:25,0.20018100889744944,0.20796230948858635,0.18088583217880086,0.16284584879759834,0.2473867,0.15392578,0.1649717,0.15901272,0.18547806,0.168
2023-09-08 03:25:30,0.20045127894073478,0.20202956851393955,0.17510485013864693,0.1581499891217426,0.19523267,0.16255826,0.13784578,0.16238298,0.18834968,0.13
2023-09-08 03:25:35,0.17672861394413877,0.17106950027665915,0.1603442768267152,0.1618724570608574,0.17947926,0.1569734,0.15376301,0.14919911,0.19719155,0.244
2023-09-08 03:25:40,0.18918064942198604,0.1789212545029433,0.1607045022147838,0.15737090030706824,0.14727443,0.1587236,0.1730354,0.14830412,0.18799794,0.298
2023-09-08 03:25:45,0.19249881305780292,0.17961321052865015,0.16298074120255307,0.1525852055040975,0.08772002,0.1509565,0.15745698,0.14967655,0.16484572,0.238
2023-09-08 03:25:50,0.1933830227063897,0.17352156753748396,0.15785798433461912,0.14751087442822808,0.08883666,0.15905611,0.13085277,0.14629826,0.13070874,0.24
2023-09-08 03:25:55,0.19361864300377793,0.18744642530709082,0.1730696381160479,0.14214470924910572,0.103037715,0.15362334,0.16628158,0.14972039,0.14898254,0.294
2023-09-08 03:26:00,0.23637944656400553,0.23070498705746292,0.23404381887478884,0.2453748953361199,0.25703472,0.21336143,0.23078062,0.2222025,0.20901918,0.148
2023-09-08 03:26:05,0.22080520509865556,0.2250214899877152,0.24569140200050904,0.25100993761802926,0.2472877,0.1871123,0.18836354,0.20436591,0.1878798,0.204
2023-09-08 03:26:10,0.21659564821735172,0.23768111824362415,0.26255867788378606,0.2569161532802653,0.2107894,0.19432487,0.21300805,0.19544812,0.19941184,0.286
2023-09-08 03:26:15,0.21545784839728618,0.23157039336394858,0.2522559558264243,0.2630827051266422,0.17124756,0.19182728,0.19594695,0.1902925,0.17574027,0.138
2023-09-08 03:26:20,0.21515031283783315,0.2153986917243399,0.23639950466654938,0.2694974733061457,0.14584792,0.17164664,0.17120883,0.18301637,0.17004506,0.216
2023-09-08 03:26:25,0.21140684083916358,0.21399484889764836,0.2130078731905137,0.21983252778338858,0.13334294,0.19331951,0.19913793,0.2019552,0.16458315,0.236
2023-09-08 03:26:30,0.2101853480929997,0.2051198441923488,0.20695825994743453,0.22081818725781843,0.05808454,0.18412831,0.24032831,0.19707902,0.19881277,0.184
2023-09-08 03:26:35,0.20986050750361782,0.20250621471735739,0.19886890341609642,0.2217285029852858,0.22833115,0.1821102,0.2611912,0.18883352,0.20386954,0.244
2023-09-08 03:26:40,0.20977412024602551,0.20557452108731067,0.1996545191778664,0.2225537090439923,0.13426284,0.18545116,0.23132484,0.1898459,0.20056877,0.178
2023-09-08 03:26:45,0.20975114664445524,0.2042169925904002,0.20145121544237773,0.223284371333358,0.15942116,0.1813999,0.20745122,0.1877357,0.20107928,0.158
2023-09-08 03:26:50,0.19289427289880406,0.18542223707759586,0.18956422973085024,0.19798735455057326,0.17636092,0.17092521,0.20544226,0.15922193,0.18621819,0.19
2023-09-08 03:26:55,0.2021612683332828,0.21062843971973907,0.2051229178577348,0.19541163670252004,0.16957468,0.17693639,0.19604862,0.1605268,0.197915,0.158
2023-09-08 03:27:00,0.20462233707747757,0.1982651053296181,0.19670472037697348,0.19254368097914565,0.13701124,0.17335439,0.16639726,0.1584133,0.17196922,0.128
2023-09-08 03:27:05,0.2052759318058312,0.21253388500539705,0.2085337754458353,0.18937821436808733,0.1554516,0.17151801,0.16653627,0.16946505,0.16404149,0.086
2023-09-08 03:27:10,0.20544950926884978,0.23324583713233074,0.22607068403818117,0.1859113331439275,0.11052983,0.16485585,0.17155467,0.16485578,0.1725797,0.128
2023-09-08 03:27:15,0.17087946445025032,0.17049625311798267,0.16090455907711906,0.17090653087312546,0.14397117,0.14027889,0.15200996,0.147883,0.12961312,0.144
2023-09-08 03:27:20,0.1823398511316899,0.1789387411372677,0.14573359729921978,0.16895251943158485,0.15540305,0.14822166,0.12978294,0.14907272,0.11854263,0.264
2023-09-08 03:27:25,0.18540286660009675,0.18885762474929194,0.1533261551368841,0.16695447395682095,0.16400523,0.14646967,0.159481,0.15202244,0.13828336,0.178
2023-09-08 03:27:30,0.18622151818843224,0.1835499171205288,0.14692640936181217,0.16491226787191238,0.15127668,0.14341944,0.1498303,0.15441984,0.111836,0.248
2023-09-08 03:27:35,0.18644031904986988,0.181467558072159,0.13935023598393026,0.16282578457702357,0.14069013,0.1504342,0.1467263,0.1553066,0.12906048,0.258
2023-09-08 03:27:40,0.21428681875340805,0.20655788111769344,0.19382890199965971,0.18733456298410545,0.15211251,0.1994666,0.21162295,0.20844194,0.14654404,0.198
2023-09-08 03:27:45,0.2025150283887152,0.1922680960965858,0.19544762250675163,0.18718609433462774,0.152846,0.18270405,0.1572797,0.18798079,0.16815075,0.208
2023-09-08 03:27:50,0.19934493084745977,0.1874459519875061,0.19065074229725834,0.18715540694734756,0.13110061,0.18736252,0.1397589,0.1837312,0.15537836,0.1639999999999999
2023-09-08 03:27:55,0.19849123586056844,0.1982178626317765,0.2058263065789568,0.18725177242906454,0.12810627,0.19236836,0.15638061,0.18488495,0.14352901,0.244
2023-09-08 03:28:00,0.19826133910781593,0.19108864933301267,0.1972571625887019,0.18748394102789945,0.12382859,0.17763075,0.1553904,0.18344499,0.16557255,0.192
2023-09-08 03:28:05,0.19628389580608957,0.20008626011621233,0.21199278068077693,0.20192156952000495,0.12406773,0.17697382,0.14953624,0.16774578,0.21378002,0.182
2023-09-08 03:28:10,0.1974326891894935,0.21886041291525293,0.22953852739397265,0.20397034891305799,0.15065211,0.17293327,0.16536322,0.16462535,0.14837366,0.152
2023-09-08 03:28:15,0.1977407560280652,0.20852021326165585,0.2184905786733774,0.20625298950980708,0.17125891,0.17364058,0.14931926,0.16444446,0.20439576,0.266
2023-09-08 03:28:20,0.1978233689490644,0.20063546395818316,0.20428882725038489,0.20877371393908417,0.17951633,0.16858366,0.18854532,0.15868695,0.16559236,0.15
2023-09-08 03:28:25,0.19784552289055213,0.20308482211277074,0.2110777223098828,0.21153547860461241,0.17776646,0.16507208,0.17598948,0.14834428,0.21635878,0.19
2023-09-08 03:28:30,0.19389753471745697,0.19364445857255555,0.1880706806718177,0.17332345224361667,0.17827944,0.17199725,0.18212745,0.16261183,0.12819745,0.096
2023-09-08 03:28:35,0.194934512510664,0.18890129520534654,0.18065157414816424,0.171811053509753,0.19244038,0.17165864,0.22129558,0.15886727,0.18877272,0.13
2023-09-08 03:28:40,0.19521041074417764,0.1860869858256622,0.18046546394336493,0.17027370632933714,0.1784384,0.16856167,0.20046584,0.16093041,0.20519386,0.1
2023-09-08 03:28:45,0.1952838162073945,0.18766936639205625,0.1821420132073095,0.16871150032723925,0.179404,0.1638668,0.17480667,0.16181117,0.2178323,0.154
2023-09-08 03:28:50,0.1953033464594061,0.18126476861363477,0.17702951074451062,0.1671245299671611,0.17472331,0.16596189,0.18818817,0.15936138,0.2023401,0.128
2023-09-08 03:28:55,0.16249503172975802,0.17070012961067663,0.15512479614139843,0.1519899714380557,0.11134151,0.14046413,0.15142602,0.14551342,0.18835011,0.09
2023-09-08 03:29:00,0.17166096843888592,0.16772998474212392,0.14622873972861114,0.150296152193512,0.12795176,0.13998017,0.14083074,0.14723733,0.14219296,0.0559999999999999
2023-09-08 03:29:05,0.17409651905423038,0.1787085671916008,0.1574877145139285,0.14859650959645876,0.14134136,0.14875469,0.15724868,0.14382009,0.16876025,0.1119999999999999
2023-09-08 03:29:10,0.17474368769483395,0.19622894829812487,0.17481852947850834,0.14689175163218948,0.12882502,0.15342993,0.14749599,0.15290016,0.18116575,0.126
2023-09-08 03:29:15,0.17491565178654364,0.18890026314692934,0.16449146356413824,0.1451825878502504,0.14468947,0.14523168,0.16284586,0.15500507,0.16298617,0.1
2023-09-08 03:29:20,0.13783471869192354,0.12642939013154492,0.10749616022360407,0.08448382908454732,0.15726648,0.13563275,0.1211226,0.123839594,0.10992622,0.1159999999999999
2023-09-08 03:29:25,0.14776464304068776,0.1455326284768305,0.11468386590723911,0.07650686979772559,0.15531196,0.1365609,0.14468902,0.123479195,0.117431395,0.136
2023-09-08 03:29:30,0.15037080481435067,0.13854282957400293,0.1082188649323453,0.06829456481042939,0.1417591,0.13903506,0.1183311,0.12783702,0.09540743,0.134
2023-09-08 03:29:35,0.1510548059156629,0.13394531202530166,0.10098829814177528,0.05985756032501399,0.1417086,0.14177915,0.12747183,0.13303234,0.103747755,0.086
2023-09-08 03:29:40,0.15123432566433098,0.13235324189000722,0.1006182262809069,0.0512074870706698,0.14018998,0.1451423,0.13930199,0.13037421,0.10409445,0.13
2023-09-08 03:29:45,0.1386317389394435,0.1315718060758246,0.11258977714319984,0.11403331875555711,0.13660428,0.12505785,0.14110358,0.13786985,0.14044218,0.126
2023-09-08 03:29:50,0.14087050673536347,0.12498842781478434,0.10732521544429326,0.11126002466958695,0.1312705,0.13436258,0.13034083,0.13613309,0.11587008,0.086
2023-09-08 03:29:55,0.1414511639215007,0.1379236238991701,0.12258988171304867,0.10845033695435369,0.14108248,0.137351,0.12144982,0.13607967,0.12231513,0.124
2023-09-08 03:30:00,0.14160176585906084,0.12797868645262822,0.11350994173808053,0.10560436553302033,0.14554878,0.136054,0.13695353,0.13477464,0.118980825,0.158
2023-09-08 03:30:05,0.141640826675216,0.14123605945755807,0.12510701653215792,0.102722226558142,0.13970292,0.1409327,0.13217902,0.1379327,0.12689286,0.124
2023-09-08 03:30:10,0.1328117106738893,0.15233129660079672,0.148560189985962,0.11548614153210934,0.1263355,0.13167787,0.13417196,0.13808504,0.11980943,0.252
2023-09-08 03:30:15,0.13507969054049995,0.14335997838834835,0.13810671413454242,0.11671341121327572,0.14716102,0.13164781,0.14291295,0.13582814,0.14802119,0.168
2023-09-08 03:30:20,0.1356634288026507,0.1308027288287548,0.12342524760419733,0.11829052937136453,0.112884305,0.12983212,0.14853482,0.14066613,0.15988645,0.088
2023-09-08 03:30:25,0.13581367279895565,0.1382511743808921,0.13065050094364128,0.12021952225736499,0.107461475,0.13324481,0.15670036,0.13509305,0.15857333,0.136
2023-09-08 03:30:30,0.1358523429699712,0.13227686063777835,0.12419893405772368,0.12250072566176229,0.118865885,0.13569655,0.14272729,0.13489069,0.16679972,0.06
2023-09-08 03:30:35,0.11498125745549914,0.10325335264299981,0.11141758761878888,0.1336424593037222,0.12960947,0.13450402,0.08416993,0.13016799,0.09537173,0.118
2023-09-08 03:30:40,0.12913556766009596,0.11742089386581284,0.11134110415919427,0.13659076742007414,0.114613235,0.13989879,0.11529041,0.13241166,0.12150829,0.084
2023-09-08 03:30:45,0.1327794366190791,0.12219411211207168,0.11337039331358444,0.13982192046869102,0.09527267,0.14171363,0.11230267,0.13278344,0.0948566,0.08
2023-09-08 03:30:50,0.1337175099549262,0.11613096232084569,0.10784867067098117,0.14332635646250935,0.12065275,0.14648359,0.14107302,0.14527561,0.12365003,0.078
2023-09-08 03:30:55,0.13395900645036354,0.13250838210555538,0.12328450433555689,0.14709308269533494,0.1610073,0.14617544,0.1439031,0.14551309,0.14529644,0.1159999999999999
2023-09-08 03:31:00,0.12111140824184512,0.11508720803839562,0.10151012584608189,0.09518886464962151,0.13155521,0.12850393,0.12722395,0.12657607,0.16834053,0.138
2023-09-08 03:31:05,0.12241915531208454,0.125440418363302,0.11277036826163774,0.09326329634217245,0.17785992,0.13428819,0.13949734,0.12767215,0.1309985,0.16
2023-09-08 03:31:10,0.12275374067854362,0.14906528257243107,0.13092744314806118,0.0913477031222314,0.187957,0.13486643,0.17486799,0.12480141,0.13988958,0.134
2023-09-08 03:31:15,0.12283934390411848,0.13419392675643327,0.11992215287784037,0.0894428005032637,0.18911935,0.13860212,0.16366881,0.13248844,0.1285529,0.152
2023-09-08 03:31:20,0.12286124537669742,0.11696910636316096,0.10475651538899167,0.08754929701463965,0.099898264,0.14291516,0.1386224,0.13867606,0.12134058,0.098
2023-09-08 03:31:25,0.1189246717733067,0.1227098520658495,0.1243451090157012,0.13115991365464552,0.13063516,0.12768519,0.12796445,0.12450012,0.12344222,0.09
2023-09-08 03:31:30,0.12429653577059871,0.11679557464453229,0.1172738894588692,0.13317303217097098,0.12597744,0.13079974,0.11616486,0.12603763,0.11384711,0.138
2023-09-08 03:31:35,0.1256756218140039,0.11334447021622077,0.11051548947514211,0.13523778310358558,0.13315554,0.12585595,0.124426745,0.12992659,0.11235807,0.14
2023-09-08 03:31:40,0.1260296662045681,0.11184951667223629,0.11008299122712001,0.1373405790283737,0.11984851,0.1335279,0.09449422,0.13568921,0.11486795,0.108
2023-09-08 03:31:45,0.12612055787234283,0.11359190506501275,0.11196984575788627,0.13946769078484422,0.12638198,0.1334372,0.11553722,0.13254577,0.1086058,0.152
2023-09-08 03:31:50,0.1338581278117842,0.12150436073601704,0.11761058722125695,0.10925324827454297,0.10225668,0.13447803,0.12431568,0.1330061,0.12607569,0.168
2023-09-08 03:31:55,0.12919877628167659,0.1318193057422755,0.13320858520134932,0.10875718447309879,0.121609725,0.13336919,0.15033978,0.13231294,0.13119891,0.08
2023-09-08 03:32:00,0.12800212157835342,0.12304319283203702,0.12468304190811587,0.10830364593890884,0.15345854,0.13990334,0.14180686,0.13753802,0.11980451,0.072
2023-09-08 03:32:05,0.12769478643316587,0.1344223806994082,0.13601857347852964,0.10789325592252119,0.1308079,0.13812293,0.13196519,0.13480286,0.13786842,0.11
2023-09-08 03:32:10,0.1276158539798816,0.15058685191628635,0.1538447674981806,0.10752661635112126,0.10841406,0.13740788,0.15594983,0.13835996,0.11385706,0.19
2023-09-08 03:32:15,0.14402564589395933,0.14887429085965131,0.13801868787226113,0.09517406358705216,0.12771025,0.13732778,0.13259763,0.15287903,0.14802164,0.1639999999999999
2023-09-08 03:32:20,0.13220170830875375,0.12483414121436026,0.12258905383282165,0.09359257213565186,0.115826905,0.14014353,0.12208534,0.14193478,0.12296938,0.13
2023-09-08 03:32:25,0.1291607629221938,0.12962583371184927,0.12999901443661402,0.0920128483538818,0.14666216,0.14086029,0.13164169,0.15397847,0.14544423,0.172
2023-09-08 03:32:30,0.1283786758401704,0.12472790558618445,0.12342102757135227,0.09043522601685794,0.13660896,0.14466028,0.143076,0.14241149,0.1394833,0.2019999999999999
2023-09-08 03:32:35,0.1281775343771993,0.11830335620443944,0.11654454270438719,0.08886003841482193,0.14603409,0.14199369,0.12305992,0.14033866,0.12004198,0.124
2023-09-08 03:32:40,0.1326976548337806,0.12520902344384732,0.1386535110315394,0.1327190607635913,0.17216472,0.15112118,0.15482536,0.14031543,0.14225237,0.104
2023-09-08 03:32:45,0.13494246447708458,0.1296509354097859,0.14094628696644257,0.13375935603685463,0.17246832,0.152388,0.13999772,0.14694314,0.16009174,0.2
2023-09-08 03:32:50,0.135521835632985,0.12538276741833487,0.13563772931624424,0.13487023777071272,0.16465662,0.15307125,0.14279687,0.14382684,0.16899928,0.19
2023-09-08 03:32:55,0.1356713676600282,0.13629488886638264,0.15047386743489488,0.13605214056643433,0.20757991,0.14923307,0.1308684,0.1406284,0.12668039,0.108
2023-09-08 03:33:00,0.13570996092944443,0.12803869420036415,0.1419217652070773,0.1373054654878274,0.15963916,0.15458114,0.13232262,0.14389029,0.15286896,0.122
2023-09-08 03:33:05,0.13384546419921328,0.1424078765277798,0.1527477757323018,0.14934463739232307,0.13838011,0.12879752,0.1262264,0.12697189,0.13925728,0.186
2023-09-08 03:33:10,0.13690017834624604,0.16567997587054856,0.17101365929570927,0.1492497461170732,0.13676932,0.1310428,0.13426915,0.1388844,0.1565757,0.182
2023-09-08 03:33:15,0.13768792953633463,0.15376585222782616,0.1601290946800114,0.14897444756992506,0.15414162,0.1387671,0.13616939,0.13551193,0.11382054,0.088
2023-09-08 03:33:20,0.1378910752015645,0.13797172704654237,0.14454514380248948,0.14851494996393022,0.14546365,0.13459718,0.15369292,0.13907981,0.15148853,0.126
2023-09-08 03:33:25,0.13794346250585665,0.14635150220884197,0.15220392315377418,0.14786835031427792,0.13102323,0.14226043,0.14878355,0.14480884,0.1347012,0.14
2023-09-08 03:33:30,0.13969637358511167,0.13850062697562682,0.13493309534166384,0.1387629828720769,0.13137959,0.13860157,0.11907529,0.14128458,0.113808535,0.108
2023-09-08 03:33:35,0.13961821964263257,0.1292843109199011,0.12755237191981916,0.1365906525513383,0.13084938,0.13901621,0.11972137,0.14169757,0.15458432,0.104
2023-09-08 03:33:40,0.1395981026882916,0.1279267394818728,0.12685303371973702,0.1341555926115836,0.15806127,0.13938047,0.14366175,0.14280115,0.16505985,0.1
2023-09-08 03:33:45,0.13959292455089864,0.1344764115945342,0.12983021425327476,0.13145883370312728,0.11118929,0.13837616,0.15994212,0.1465946,0.15630649,0.218
2023-09-08 03:33:50,0.1395915916897505,0.12901086395125191,0.12446238916987112,0.128502589295465,0.15625536,0.14194779,0.14444935,0.14564338,0.15672757,0.124
2023-09-08 03:33:55,0.13382418313803907,0.13799741963919665,0.1446927885757645,0.15104992670602257,0.1209063,0.14379594,0.13195466,0.14055102,0.10655015,0.144
2023-09-08 03:34:00,0.1363452876124757,0.1318741072706074,0.1363281003730762,0.15293533279537463,0.13236384,0.14577651,0.15956718,0.14151064,0.117788136,0.236
2023-09-08 03:34:05,0.13699225924174166,0.1462036641037299,0.14823817392773264,0.15488815517536025,0.14474304,0.14609279,0.14284475,0.14065179,0.13852926,0.128
2023-09-08 03:34:10,0.13715828658940585,0.1637030390004846,0.1663663705271335,0.1569082704233722,0.12003374,0.14603062,0.10897303,0.14047894,0.11057259,0.128
2023-09-08 03:34:15,0.137200892909259,0.14824539630839795,0.154854173559349,0.15899552140344042,0.13186237,0.15290786,0.13625896,0.13954139,0.135969,0.136
2023-09-08 03:34:20,0.14039847954391088,0.13375388474669847,0.1372115107565306,0.13998838296112126,0.16084585,0.14744872,0.1434472,0.14396377,0.13596767,0.162
2023-09-08 03:34:25,0.14152411948527963,0.14423213479129754,0.14490867292645931,0.1390090699319444,0.16242577,0.15000524,0.11482037,0.14610037,0.1205665,0.1119999999999999
2023-09-08 03:34:30,0.1418121884111335,0.13741397171154665,0.1384271240469609,0.13799777497395382,0.11896807,0.15568908,0.122430734,0.14613034,0.14422534,0.098
2023-09-08 03:34:35,0.14188590976997378,0.13036624831342633,0.13110224458519207,0.1369612692510671,0.17061855,0.15312278,0.13363901,0.15607618,0.10940255,0.158
2023-09-08 03:34:40,0.14190477622262274,0.12949893728206707,0.13035526440164874,0.1359062553193766,0.15362516,0.14964618,0.14546558,0.15550894,0.16030745,0.15
2023-09-08 03:34:45,0.14301160307964966,0.14287624791072226,0.13592206355394112,0.16013393489448058,0.15425737,0.13874228,0.1400836,0.14725466,0.13949387,0.1159999999999999
2023-09-08 03:34:50,0.1412233838915776,0.13061463199516846,0.12990306022877046,0.16213170321255443,0.16823494,0.14113607,0.1270566,0.14702418,0.1578739,0.156
2023-09-08 03:34:55,0.14076580715387438,0.1433382402467505,0.14407955458848568,0.16418156569691655,0.15413621,0.1394511,0.15979086,0.15277916,0.14161542,0.136
2023-09-08 03:35:00,0.14064872057283123,0.13997404262624796,0.13644098682608316,0.16628301470060958,0.1562227,0.14503464,0.16354446,0.14932391,0.17419739,0.142
2023-09-08 03:35:05,0.1406187599862656,0.14637181959212214,0.14749159625504207,0.168435514973865,0.146297,0.14554371,0.14036295,0.14609183,0.15579964,0.212
2023-09-08 03:35:10,0.16319716424498337,0.18426448504810658,0.1794087735202332,0.15414257653287677,0.15501042,0.14603794,0.17528325,0.16383961,0.16550195,0.228
2023-09-08 03:35:15,0.15072120568044142,0.16269071790501177,0.1680400548228525,0.1562296117626616,0.13696052,0.15022245,0.15007946,0.15115342,0.15515812,0.14
2023-09-08 03:35:20,0.1475318512157643,0.14698913190430485,0.15314721094412875,0.15852459704363397,0.14340279,0.14631459,0.14040372,0.15649435,0.1596284,0.298
2023-09-08 03:35:25,0.14671652453375159,0.15121393591690688,0.16045043148284535,0.16102977331063428,0.14120652,0.14589311,0.12778099,0.15548377,0.15609169,0.19
2023-09-08 03:35:30,0.1465080943934946,0.14433875985975345,0.1539113490034208,0.16374608807734603,0.1255004,0.1457686,0.11749203,0.15064879,0.15113987,0.1639999999999999
2023-09-08 03:35:35,0.16285508814690713,0.15695037083914842,0.17359651001037793,0.19063531859830007,0.14475285,0.1865039,0.16942759,0.17430966,0.16060224,0.25
2023-09-08 03:35:40,0.16256422951593186,0.15480247558672977,0.1728195820583996,0.19351207736972853,0.20118809,0.18263106,0.16025907,0.17400992,0.17317067,0.33
2023-09-08 03:35:45,0.16249033846223696,0.15666409623864555,0.17635835676358072,0.1964440425113807,0.19543065,0.16582702,0.1486191,0.1670585,0.15588191,0.324
2023-09-08 03:35:50,0.16247156684181835,0.15281335217052167,0.17066979966868603,0.1994304962532425,0.17396553,0.16981998,0.16439007,0.16298936,0.19255511,0.366
2023-09-08 03:35:55,0.16246679801371913,0.16499742845182647,0.18461250645268698,0.20247069343908564,0.1836353,0.16379283,0.14639895,0.16448961,0.18536672,0.384
2023-09-08 03:36:00,0.2696209867186836,0.27045755241757635,0.29870181103543375,0.26112541111429266,0.2651422,0.26986903,0.3208573,0.26999557,0.24595499,0.306
2023-09-08 03:36:05,0.24105129481222143,0.2597170731965107,0.31018613627955993,0.26664919139115284,0.16057199,0.24319836,0.29504117,0.24623674,0.20915726,0.1159999999999999
2023-09-08 03:36:10,0.23391513169790384,0.2737847514855191,0.3281432213259847,0.2722781500330882,0.13860245,0.2466408,0.2725844,0.23255411,0.23976289,0.148
2023-09-08 03:36:15,0.23213265451330992,0.25578733392327585,0.31625413664251073,0.27801165605810496,0.2034956,0.22310065,0.25667006,0.23790468,0.19608112,0.1939999999999999
2023-09-08 03:36:20,0.23168742577306106,0.2495936367413873,0.3025769562370848,0.2838490330899859,0.22710367,0.22725002,0.26389477,0.2046541,0.20657653,0.23
2023-09-08 03:36:25,0.21787115822856792,0.22293444128414744,0.2284444776815353,0.2687631985351082,0.14238594,0.19799778,0.22924495,0.20179425,0.19038345,0.136
2023-09-08 03:36:30,0.2147288542949846,0.21367999144355526,0.22176519647177143,0.27226631097473764,0.16268869,0.18868296,0.24507856,0.21396771,0.17666213,0.21
2023-09-08 03:36:35,0.21391475562034687,0.21075707454483444,0.21555040472929546,0.27540914907028125,0.19372822,0.18910585,0.2729699,0.22416002,0.18783166,0.208
2023-09-08 03:36:40,0.21370384137842277,0.2131217145907302,0.21535036321760226,0.27816043242505195,0.23648463,0.18456186,0.25178528,0.2246356,0.19066684,0.09
2023-09-08 03:36:45,0.2136491983494727,0.21612167712081315,0.21882492025986924,0.2804901554458574,0.21809489,0.18199174,0.20309415,0.21484959,0.17323688,0.088
2023-09-08 03:36:50,0.16037097621373314,0.15828670703469794,0.15344648353109736,0.23225593829967295,0.23950185,0.14729074,0.17773573,0.14851819,0.18752873,0.152
2023-09-08 03:36:55,0.17972394908386846,0.19081111805868162,0.16740372412598736,0.23510814224681553,0.17573343,0.14258026,0.14108327,0.1446148,0.1960163,0.212
2023-09-08 03:37:00,0.1848991944447445,0.18561733548732834,0.15935914573132384,0.23797595938572158,0.15309483,0.14730524,0.14577974,0.14826891,0.15237236,0.156
2023-09-08 03:37:05,0.1862831246928254,0.19006047318898334,0.169398889725572,0.2408580456190208,0.15749829,0.15180607,0.12028957,0.15218198,0.15833044,0.08
2023-09-08 03:37:10,0.1866532062634563,0.20927379233197516,0.18747413220135548,0.24375304570834544,0.1281262,0.15281834,0.16727678,0.15766683,0.14820321,0.126
2023-09-08 03:37:15,0.16097920092727558,0.16480041175490645,0.15100848197259745,0.20621908517361476,0.1475343,0.1406382,0.16038549,0.13376622,0.14379098,0.138
2023-09-08 03:37:20,0.17038887315089268,0.16649055837267615,0.13770223693917172,0.2073222715376346,0.1725045,0.14113444,0.17176487,0.14085749,0.14973737,0.182
2023-09-08 03:37:25,0.17292014685094081,0.1709648854788282,0.14345875747834033,0.20839182349899943,0.17302854,0.1452871,0.15182082,0.14164524,0.151914,0.168
2023-09-08 03:37:30,0.1736010788103425,0.1690192363126876,0.13735408759763706,0.20942619495566817,0.13187723,0.1489415,0.16396326,0.14305298,0.15203829,0.142
2023-09-08 03:37:35,0.1737842547084391,0.16378150625884036,0.13116716889781282,0.21042385041542389,0.118891165,0.14755535,0.1413188,0.14993797,0.12488371,0.118
2023-09-08 03:37:40,0.15278180341514164,0.14082590006837212,0.13493294262119243,0.08911122778175695,0.15596461,0.1466728,0.12752669,0.13106087,0.11476057,0.168
2023-09-08 03:37:45,0.16212638834971485,0.15122764351179305,0.13836848546521907,0.07641727389250974,0.14970894,0.1454994,0.13809724,0.13361588,0.15210296,0.134
2023-09-08 03:37:50,0.16463693291686168,0.15109735382159456,0.13351964266914457,0.06322661388765027,0.14869401,0.14730108,0.1749655,0.13539536,0.1680014,0.086
2023-09-08 03:37:55,0.16531142344455876,0.16706878220250465,0.14778596864842036,0.04957336132027734,0.1381375,0.14634952,0.14749198,0.13551252,0.13834141,0.154
2023-09-08 03:38:00,0.16549263411809406,0.15765866164287096,0.13941163875097204,0.03549420106226364,0.14332987,0.14732824,0.14570811,0.14000624,0.1466594,0.17
2023-09-08 03:38:05,0.16245787920730048,0.1640275759931157,0.15251429499213998,0.10228396740877699,0.108182594,0.1394389,0.15392013,0.13420911,0.1494959,0.086
2023-09-08 03:38:10,0.16043746800292502,0.18062437795089126,0.17078527892089035,0.09632596973246521,0.13251323,0.1358447,0.16268206,0.13579738,0.17351554,0.12
2023-09-08 03:38:15,0.15989623277917772,0.16887408204531257,0.15944530122532172,0.09051129577089867,0.13877793,0.13856539,0.13685925,0.13353908,0.17235072,0.19
2023-09-08 03:38:20,0.15975124468626356,0.15822133982544268,0.1465438756789474,0.08487566245631939,0.15797429,0.13915396,0.14068832,0.13378672,0.15060921,0.118
2023-09-08 03:38:25,0.1597124047398511,0.16262378296875712,0.1521551520577838,0.07945409526524472,0.16191941,0.14013377,0.14869653,0.13046382,0.17248945,0.146
2023-09-08 03:38:30,0.149624589276897,0.14284591934387253,0.1330567415787323,0.11952598066014097,0.15075427,0.127501,0.1497045,0.1371891,0.1721463,0.114
2023-09-08 03:38:35,0.15058628752057673,0.13699511588013813,0.1267152829699093,0.11981873191433401,0.123251945,0.13359724,0.13190804,0.1369718,0.13793123,0.226
2023-09-08 03:38:40,0.15084145119326972,0.13826328571111263,0.126037939584937,0.12070128283004955,0.12760887,0.13642079,0.13628519,0.14257036,0.14636305,0.0579999999999999
2023-09-08 03:38:45,0.15090915278292122,0.14006147150962367,0.12923296483901886,0.1221986786115199,0.13184206,0.12855957,0.15775375,0.14135194,0.11029913,0.1
2023-09-08 03:38:50,0.15092711578366097,0.133456566785668,0.1240641222160061,0.12433279124173424,0.13208644,0.13681515,0.13000378,0.13874875,0.1255881,0.1639999999999999
2023-09-08 03:38:55,0.15022921688571209,0.15641528173601132,0.14218225252138642,0.13680985905655874,0.14683509,0.14914116,0.14984538,0.14560775,0.099751025,0.09
2023-09-08 03:39:00,0.14662492493948567,0.1438340274304836,0.13397816346736066,0.14122216955697908,0.1304198,0.14868575,0.17165245,0.14250906,0.110263705,0.126
2023-09-08 03:39:05,0.14568155662660057,0.14707751148770987,0.1427484346086486,0.14635768365813462,0.046853527,0.14223726,0.1473848,0.14174959,0.10944626,0.094
2023-09-08 03:39:10,0.1454346443933428,0.1664520080322262,0.16111918243924642,0.15222261908251866,0.15135431,0.14880076,0.1799422,0.14516744,0.11580968,0.198
2023-09-08 03:39:15,0.14537001889119308,0.15749974652454313,0.1503608992524916,0.15881914050272172,0.17724352,0.15246463,0.18782096,0.143307,0.13272487,0.078
2023-09-08 03:39:20,0.11956013836533821,0.11365333550445048,0.116058934430833,0.13666315913357607,0.10637948,0.13859268,0.120327935,0.1253135,0.12931009,0.236
2023-09-08 03:39:25,0.13025354727705332,0.12758214180469446,0.12183094733962149,0.1415690813250734,0.14788175,0.13676704,0.15167107,0.13267358,0.16217409,0.11
2023-09-08 03:39:30,0.1330049576103865,0.1244532526576985,0.11539681442033836,0.14703868646256524,0.14253147,0.14235196,0.14444184,0.13284104,0.16171929,0.11
2023-09-08 03:39:35,0.13371289451665022,0.12728381226325877,0.10991847057193418,0.15306192986913203,0.11198776,0.13771226,0.14587057,0.13113908,0.16096058,0.12
2023-09-08 03:39:40,0.13389504643240724,0.11690544892272992,0.10807330765063551,0.15962549574452822,0.14016189,0.13879175,0.15221402,0.14401712,0.12421981,0.066
2023-09-08 03:39:45,0.11336687370749067,0.10846878084192704,0.11204354919531628,0.13692940638349427,0.1149305,0.13660212,0.1161168,0.1259753,0.12263638,0.088
2023-09-08 03:39:50,0.12541922385998736,0.11602291935047022,0.10737003965637978,0.14061100807023408,0.16453972,0.13727006,0.117579415,0.1305696,0.13001198,0.166
2023-09-08 03:39:55,0.1284859059698395,0.12821665892263984,0.12140287511366686,0.1445400280384881,0.15599388,0.1391973,0.13814095,0.13727242,0.12878989,0.142
2023-09-08 03:40:00,0.12926621346538128,0.12383072962991024,0.11351904366605667,0.14869327887382155,0.15319702,0.14413051,0.13319042,0.13938758,0.11735233,0.166
2023-09-08 03:40:05,0.12946476022236095,0.12894691471044004,0.12200500991055493,0.1530459747838009,0.16304678,0.13904996,0.13906968,0.14706099,0.16110149,0.2239999999999999
2023-09-08 03:40:10,0.16440380418896228,0.18853669101977874,0.17870620918907085,0.10684211405390442,0.17014624,0.15560289,0.20540486,0.16290112,0.18722254,0.222
2023-09-08 03:40:15,0.14906533343198128,0.15685631392620372,0.16716378670158527,0.10344464847328538,0.15804929,0.1501722,0.1624305,0.15497126,0.16500565,0.184
2023-09-08 03:40:20,0.1451176202942379,0.14916694775436842,0.15506310684979938,0.0999534593887077,0.13118939,0.15056317,0.18311019,0.15723331,0.17536375,0.14
2023-09-08 03:40:25,0.14410158425877986,0.14642672984489133,0.1599158033330701,0.09636859413879506,0.17139791,0.1515025,0.16522832,0.15024689,0.13192262,0.21
2023-09-08 03:40:30,0.14384008369140597,0.14095799285725719,0.15351997221458344,0.09269015213068599,0.15586247,0.14731298,0.1780911,0.14094187,0.17920858,0.1159999999999999
2023-09-08 03:40:35,0.14130473841568222,0.13537111485838746,0.15181354717636794,0.19055475144208245,0.115674205,0.15084888,0.12823819,0.13717853,0.13143161,0.086
2023-09-08 03:40:40,0.14784309274590365,0.13568955620351397,0.14960581441431192,0.19563992204452774,0.123990536,0.15096584,0.13002263,0.1460363,0.14525865,0.066
2023-09-08 03:40:45,0.14953250271510654,0.14100481034787726,0.15317019797752554,0.20064444482260058,0.1398207,0.15294376,0.13180889,0.14976518,0.12493589,0.144
2023-09-08 03:40:50,0.14996902020863698,0.14076773363621892,0.1490802402443637,0.20553476481101995,0.15167128,0.15621735,0.1342051,0.14648621,0.15078492,0.114
2023-09-08 03:40:55,0.15008180959998169,0.15243337064994417,0.16285618007132957,0.21027787528225161,0.16429602,0.15672845,0.12863252,0.14980567,0.12905897,0.05
2023-09-08 03:41:00,0.10899010315500732,0.10695338540376721,0.10971378046617783,0.10638906685912275,0.11925631,0.1212757,0.11104768,0.12279803,0.18302624,0.126
2023-09-08 03:41:05,0.12432668669799374,0.13089408552269527,0.11838825609417125,0.09896235835203981,0.15347365,0.13076058,0.16826369,0.12562977,0.20316589,0.1939999999999999
2023-09-08 03:41:10,0.12831397917912302,0.15441470968412124,0.13721717896146018,0.09070889128455306,0.159737,0.12781109,0.11945455,0.13443421,0.17886887,0.166
2023-09-08 03:41:15,0.12935061822493846,0.1406983163388338,0.12542043895272054,0.08161412447773131,0.15584803,0.13298571,0.1541595,0.13302985,0.17185874,0.16
2023-09-08 03:41:20,0.12962012955785296,0.1293971131976121,0.11312521292735342,0.07166802509414794,0.16703556,0.14275347,0.13621314,0.13914253,0.18053934,0.11
2023-09-08 03:41:25,0.1300080942330651,0.13479623395240328,0.13668146131510953,0.10516267450736094,0.1277368,0.14518386,0.13188455,0.13163659,0.15376101,0.136
2023-09-08 03:41:30,0.13522687469916073,0.12963242793389124,0.12969231917281906,0.10264837808439708,0.07565103,0.14055903,0.12511432,0.13280095,0.15523487,0.154
2023-09-08 03:41:35,0.1365881072701415,0.12519022854799594,0.12414425978104611,0.10009189132883634,0.14913122,0.14120683,0.10556534,0.13274239,0.13560924,0.1159999999999999
2023-09-08 03:41:40,0.13694316227280676,0.12171407742854225,0.12181550825674448,0.09749405870084082,0.14365178,0.14615656,0.12266138,0.13445656,0.151594,0.148
2023-09-08 03:41:45,0.13703577249798438,0.12839717958708774,0.12589846640871488,0.09485575421655013,0.105861485,0.13877313,0.12568763,0.14074373,0.11730134,0.174
2023-09-08 03:41:50,0.15003967047879926,0.14080228587087104,0.1377890409667506,0.14498110714537304,0.18508285,0.13609307,0.12621085,0.14202392,0.1382828,0.14
2023-09-08 03:41:55,0.14378894946048293,0.14369243018508038,0.15103177801760292,0.1447980666480504,0.12786557,0.13350376,0.10595892,0.14591156,0.15536274,0.13
2023-09-08 03:42:00,0.14215827433916417,0.1386987994309219,0.1439318706979574,0.14461443331534873,0.14408068,0.13182281,0.13527913,0.14509727,0.13436483,0.144
2023-09-08 03:42:05,0.14173286719917247,0.14873811667599682,0.15316785637910701,0.14443020769233783,0.14214511,0.13648164,0.14475667,0.13997348,0.11641991,0.24
2023-09-08 03:42:10,0.14162188786773486,0.16642874684114742,0.17168588953915206,0.14424539033142914,0.14550698,0.13356642,0.12725976,0.14210196,0.17089118,0.17
2023-09-08 03:42:15,0.15497735671690527,0.16000682609734188,0.17229596337272124,0.15592969860306738,0.17044279,0.15422156,0.16916761,0.16089611,0.15846401,0.176
2023-09-08 03:42:20,0.15105934766777737,0.14703899809515264,0.15969672807616786,0.1564492974642171,0.12130582,0.1513113,0.17730843,0.16142178,0.19218457,0.148
2023-09-08 03:42:25,0.15003750386707138,0.15281476946420353,0.165144465236912,0.1570315378516085,0.106465004,0.14944726,0.17025341,0.15154767,0.17401809,0.142
2023-09-08 03:42:30,0.14977099995144777,0.14712073962131397,0.1583273525597881,0.15769048099768668,0.09388738,0.14828014,0.15682736,0.15622357,0.1570426,0.034
2023-09-08 03:42:35,0.14970149389093867,0.14058531342116395,0.15255959118654489,0.1584400573901732,0.1060886,0.15288314,0.14902386,0.14354342,0.16669895,0.084
2023-09-08 03:42:40,0.12238219909700074,0.1136396468802531,0.11070429811723068,0.11145421200146544,0.12165811,0.12596942,0.11223341,0.12227797,0.13485582,0.0579999999999999
2023-09-08 03:42:45,0.1324768953395348,0.1272512721059843,0.11494784696051923,0.10672545452738902,0.111656584,0.12603378,0.110709175,0.1259171,0.12132656,0.048
2023-09-08 03:42:50,0.13513184723459165,0.12539753121066416,0.11046640152463752,0.10180855155451951,0.115116104,0.13289733,0.12543266,0.13343579,0.10351048,0.052
2023-09-08 03:42:55,0.13583011188720853,0.1362225753707697,0.12354095364570052,0.0967198021233564,0.08612053,0.13240446,0.12520507,0.13775341,0.105843075,0.048
2023-09-08 03:43:00,0.13601375872691285,0.13272590014824173,0.11658736984198635,0.091476198484429,0.09314337,0.13371615,0.13622282,0.14271723,0.12104306,0.04
2023-09-08 03:43:05,0.08928913186752742,0.09851154429091444,0.07712894510348128,0.08494930228919095,0.070404105,0.11297493,0.11977451,0.109907344,0.12477701,0.06
2023-09-08 03:43:10,0.10229676357985838,0.12490052393992912,0.09503410098122747,0.08278894693717653,0.09220755,0.11974257,0.121464975,0.11500119,0.13256237,0.08
2023-09-08 03:43:15,0.10572953823733028,0.11616691194981703,0.08348261081849101,0.0806194107132221,0.09204806,0.12508744,0.12665936,0.120493926,0.1072788,0.152
2023-09-08 03:43:20,0.10663546347488219,0.10404392565847678,0.07077676414981851,0.07844179697804954,0.093416214,0.11946743,0.1245688,0.12947528,0.12066553,0.158
2023-09-08 03:43:25,0.10687454136898372,0.10865735526626674,0.07614270580873328,0.0762572166183002,0.11641307,0.13212486,0.1242017,0.13215694,0.1027068,0.06
2023-09-08 03:43:30,0.0936527045348489,0.08282860998586722,0.08631607640579642,0.06937892812526059,0.10811616,0.12631004,0.12602143,0.117372334,0.14078134,0.136
2023-09-08 03:43:35,0.10253828903730601,0.08823451880188152,0.08094216798455953,0.06699760934446886,0.123017095,0.12718427,0.1373702,0.1293023,0.15655492,0.1159999999999999
2023-09-08 03:43:40,0.10488441880730848,0.08646694586440978,0.07867494881882225,0.064893397018011,0.09906758,0.123642676,0.10816913,0.1224537,0.119545,0.132
2023-09-08 03:43:45,0.10550388564105134,0.09062715516729848,0.08280956713996179,0.06308553265181516,0.15314844,0.12517278,0.14572975,0.128522,0.1711189,0.1159999999999999
2023-09-08 03:43:50,0.10566744827216147,0.08702266171760037,0.07837764880109342,0.06159151530625451,0.14531,0.12889825,0.11597041,0.12568678,0.16386873,0.208
2023-09-08 03:43:55,0.14451170265771446,0.14634354443553244,0.14066061392371904,0.10273359331075227,0.1725515,0.14381987,0.16934212,0.15672742,0.19934341,0.18
2023-09-08 03:44:00,0.12761150843578573,0.12202073309985205,0.13370455037273454,0.102305989983563,0.15251343,0.13946617,0.15119626,0.1479506,0.14780934,0.12
2023-09-08 03:44:05,0.12311278069074849,0.12720553850647054,0.14361088379272194,0.10192156657737428,0.13480976,0.1431796,0.17521195,0.15286517,0.16057673,0.1639999999999999
2023-09-08 03:44:10,0.12191524703769098,0.14471371869813007,0.1615110927805992,0.10158156741107405,0.111827224,0.14328825,0.17260802,0.14708175,0.17104769,0.15
2023-09-08 03:44:15,0.12159647094554198,0.13528380953019914,0.15054523243733464,0.10128721708617405,0.11458742,0.14111747,0.16001332,0.14098556,0.13048586,0.088
2023-09-08 03:44:20,0.1143039875954946,0.11181062450540391,0.1266220198877035,0.16357600809955386,0.103024416,0.13688296,0.13980371,0.13050349,0.16306825,0.1159999999999999
2023-09-08 03:44:25,0.1213268070579292,0.12104322082223992,0.13129191005318588,0.17238667401219843,0.14211296,0.13841073,0.15136,0.13007922,0.105744615,0.204
2023-09-08 03:44:30,0.12320180768370496,0.11913574510347782,0.12434394402423672,0.18176662996948068,0.13935772,0.14553918,0.15940875,0.13572104,0.13795866,0.118
2023-09-08 03:44:35,0.12370240824242142,0.11436769377073114,0.1188468534478656,0.19169577205348887,0.15022938,0.14193623,0.13893382,0.13915958,0.12259146,0.222
2023-09-08 03:44:40,0.12383606202148804,0.11237888941765153,0.11672626901402383,0.20215072130647016,0.17203899,0.13353409,0.15660435,0.14079879,0.1270506,0.152
2023-09-08 03:44:45,0.14135666148842777,0.13627024048160905,0.1521859474010529,0.1406801020413031,0.13584335,0.14630914,0.13602348,0.15602756,0.12027464,0.15
2023-09-08 03:44:50,0.13853495109546182,0.13341104969446976,0.1484047849257302,0.1424754659790013,0.16458109,0.15409079,0.17628771,0.1542429,0.13387987,0.13
2023-09-08 03:44:55,0.1377868728930148,0.13912068359585497,0.16111697866260455,0.14436378912539016,0.16508633,0.15488751,0.16566256,0.15509674,0.11838494,0.108
2023-09-08 03:45:00,0.13758854602064285,0.1339274770117358,0.1537804674771515,0.14634609638453178,0.13834041,0.14597464,0.107043914,0.15377194,0.11208428,0.07
2023-09-08 03:45:05,0.13753596656013167,0.1419452583043513,0.16392040427500298,0.14842336419310254,0.1378156,0.14570148,0.1641798,0.14718859,0.15330404,0.118
2023-09-08 03:45:10,0.12630463973663789,0.14892909613440858,0.147794327669915,0.1420452914514172,0.1106768,0.131649,0.13937506,0.13548104,0.115937054,0.182
2023-09-08 03:45:15,0.128517453150851,0.1386969614874995,0.1364645064924473,0.14149869737118337,0.12009306,0.13593854,0.14123264,0.13986686,0.089790404,0.184
2023-09-08 03:45:20,0.12910706851785111,0.12919822619220778,0.1241506133235001,0.14053022431856022,0.09626184,0.1348778,0.12797418,0.14036733,0.13793465,0.246
2023-09-08 03:45:25,0.12926417452542036,0.13633422376241833,0.12938423892916565,0.13911144704670875,0.12804931,0.13816603,0.14467126,0.14626668,0.08747049,0.11
2023-09-08 03:45:30,0.12930603621864575,0.12670423505988487,0.12191335931197442,0.13721599219042702,0.13667145,0.13855085,0.12504409,0.14681607,0.11247146,0.204
2023-09-08 03:45:35,0.1632634812052896,0.15975553292032138,0.15599018955938337,0.17844316599889076,0.17776315,0.15624179,0.13886803,0.16228132,0.18287319,0.248
2023-09-08 03:45:40,0.15249149708548587,0.14322713321088032,0.1533997981952818,0.18015459791999078,0.16392647,0.1586588,0.15012564,0.1672773,0.16595629,0.182
2023-09-08 03:45:45,0.1496430543291949,0.14436233862755507,0.15735567726937122,0.18154690619791225,0.14339764,0.15517229,0.14655884,0.15806411,0.16518751,0.15
2023-09-08 03:45:50,0.14888983876132658,0.14030702868022069,0.153478973470167,0.1825977891898578,0.18104844,0.15753688,0.13300748,0.15016425,0.13572197,0.084
2023-09-08 03:45:55,0.14869066547956544,0.15029716661870265,0.16594105037947343,0.18328676924358334,0.20384264,0.14979196,0.13099796,0.15363991,0.1484725,0.114
2023-09-08 03:46:00,0.1381110945656929,0.13371419924422154,0.14453901418892562,0.17242338500606813,0.18418147,0.14188837,0.12680441,0.13551772,0.16433847,0.088
2023-09-08 03:46:05,0.14454926729141193,0.15086184274756959,0.1549276063563519,0.17545516372400272,0.12357746,0.14140756,0.13957956,0.13881665,0.15736179,0.146
2023-09-08 03:46:10,0.14626839571725994,0.17324504625916307,0.17293909010242242,0.1785842164530944,0.13625269,0.1438357,0.1506696,0.14099878,0.14701457,0.15
2023-09-08 03:46:15,0.1467274394041049,0.16095150737371597,0.16170311798336554,0.18181074526483698,0.16644455,0.14929375,0.17910594,0.13883415,0.16184072,0.212
2023-09-08 03:46:20,0.14685001378730042,0.15353832289378017,0.14988309401797192,0.1851348956168941,0.20541225,0.1492483,0.17912118,0.14996116,0.17504807,0.222
2023-09-08 03:46:25,0.17381273812042106,0.1736706457029243,0.17008016766088374,0.18334187206325758,0.17352587,0.15043332,0.17388321,0.17087278,0.1837123,0.1
2023-09-08 03:46:30,0.1609031019440803,0.158941723316605,0.1632864872978009,0.1866615697084697,0.19726995,0.14573036,0.1630659,0.16919875,0.1808945,0.078
2023-09-08 03:46:35,0.15744453842117317,0.15460219808588144,0.15885660863109938,0.19007525301824302,0.2926828,0.15016444,0.16954498,0.16110148,0.19724646,0.118
2023-09-08 03:46:40,0.15651796996652487,0.14761872410252985,0.1558496146128189,0.1935828527825425,0.15808368,0.14663485,0.16634686,0.15538594,0.16137601,0.124
2023-09-08 03:46:45,0.15626973711046685,0.14992185766446728,0.15955971950246042,0.19718424378254795,0.06299488,0.14540783,0.1297225,0.14897649,0.16583993,0.146
2023-09-08 03:46:50,0.14327303976035285,0.1332347645627911,0.12678610772571206,0.13487604998964997,0.10609547,0.14246897,0.12867633,0.14300357,0.10489938,0.134
2023-09-08 03:46:55,0.1425389014770608,0.14305268238752392,0.1393182017719576,0.134860498723389,0.104307175,0.14019714,0.13950156,0.14209013,0.10388677,0.0819999999999999
2023-09-08 03:47:00,0.14234126052463358,0.13564711341406416,0.13167513399327269,0.13485350935706641,0.12653045,0.14433335,0.12614806,0.14324133,0.12485124,0.236
2023-09-08 03:47:05,0.14228805263864625,0.14695017450495382,0.14238002140184194,0.1348553527043328,0.12414773,0.14357015,0.14468226,0.14519203,0.12241882,0.0819999999999999
2023-09-08 03:47:10,0.1422737282838176,0.16564925566877675,0.16030887657013407,0.13486630007252653,0.155417,0.1427559,0.16951534,0.14879079,0.11796736,0.182
2023-09-08 03:47:15,0.15406692093025745,0.1592211181592564,0.15250440746348698,0.16839964556786313,0.15878728,0.15488026,0.15130799,0.15415944,0.16685343,0.226
2023-09-08 03:47:20,0.14666544151337954,0.14814836884983454,0.14084222942690308,0.1705297873891416,0.11707191,0.1482173,0.14437595,0.15004992,0.15478884,0.21
2023-09-08 03:47:25,0.1447042578779597,0.14344698068208372,0.14429732742615564,0.1727065087907964,0.10987576,0.15359554,0.1358014,0.15367016,0.1408824,0.186
2023-09-08 03:47:30,0.14418459943736905,0.13666513686790913,0.13740683987822955,0.17492915747825055,0.09106499,0.14431009,0.11640928,0.14480537,0.113295116,0.136
2023-09-08 03:47:35,0.1440469045830984,0.13668874572453035,0.13327794725142725,0.17719704602270614,0.120369464,0.14268081,0.1251439,0.14717759,0.11675922,0.108
2023-09-08 03:47:40,0.13848031795143878,0.1300512846579258,0.14333116094366233,0.17826669302477072,0.1551871,0.15151152,0.16262949,0.13669224,0.19465815,0.188
2023-09-08 03:47:45,0.14662489637289614,0.14102777330944596,0.1471749755557725,0.1805324740277321,0.14751853,0.14656638,0.16316088,0.14369743,0.17928587,0.158
2023-09-08 03:47:50,0.14880119117956292,0.13908456791146687,0.14283291860820735,0.18283828387932388,0.13455312,0.14382344,0.16269934,0.14355913,0.15659402,0.178
2023-09-08 03:47:55,0.1493827141068942,0.14760487336979672,0.1549738179831047,0.18518326939645036,0.1113591,0.14819719,0.10756478,0.14870696,0.1757146,0.192
2023-09-08 03:48:00,0.1495381015635825,0.14829109965786794,0.148399242568876,0.18756654581104826,0.17126209,0.14757353,0.1386775,0.15005228,0.16448191,0.216
2023-09-08 03:48:05,0.17772519994231994,0.18123127540550588,0.18852587874846263,0.1958578288480357,0.16013195,0.1622012,0.12084348,0.17196693,0.15312336,0.172
2023-09-08 03:48:10,0.1675695607316452,0.19457366151394923,0.20696398296671656,0.20274887253533613,0.21205972,0.15713415,0.17550437,0.1606971,0.19259489,0.21
2023-09-08 03:48:15,0.16487491549190608,0.1821174495372021,0.19659292334988188,0.2101988311243126,0.18404266,0.15856923,0.18029955,0.16484424,0.16386452,0.21
2023-09-08 03:48:20,0.16415993213956165,0.17196883923849296,0.18488680020424852,0.21820634488986457,0.13299026,0.15755259,0.1834245,0.16194613,0.16135634,0.166
2023-09-08 03:48:25,0.16397022212260254,0.17127043849382817,0.18814462035483523,0.22676657658271182,0.14138138,0.15531074,0.162066,0.15550983,0.17911941,0.192
2023-09-08 03:48:30,0.17705871884075822,0.1714008917872363,0.17935172402007035,0.21306088320258354,0.17062819,0.16008554,0.15870403,0.17181833,0.16919068,0.16
2023-09-08 03:48:35,0.17310218879944125,0.16547382032371846,0.17505512223248662,0.22010382074632773,0.16365801,0.15813404,0.13302326,0.16685903,0.14260219,0.226
2023-09-08 03:48:40,0.17205447878040042,0.16343624702053797,0.1726540600149574,0.22753091843845397,0.14070772,0.16265868,0.1338296,0.1599828,0.14131352,0.19
2023-09-08 03:48:45,0.17177703964243468,0.16559748774050254,0.17626803413941655,0.23532654822640353,0.14131716,0.16383207,0.13259365,0.16686293,0.14498235,0.192
2023-09-08 03:48:50,0.1717035722956724,0.16311066162137805,0.17208062373696364,0.24347244108931676,0.13630751,0.15622564,0.16112262,0.16353099,0.14990652,0.08
2023-09-08 03:48:55,0.14398338705293895,0.1513033068180827,0.17295228041721947,0.19759059901260656,0.1337034,0.14408629,0.13368922,0.15028691,0.14334378,0.256
2023-09-08 03:49:00,0.16094773855753294,0.16290998109142663,0.16657408084784334,0.19947858270587204,0.1943798,0.14536846,0.14949596,0.14762315,0.15342475,0.03
2023-09-08 03:49:05,0.16544561269685146,0.17262358112533982,0.17584783415133595,0.20136878985054807,0.13883191,0.14582568,0.13976482,0.1546662,0.14299506,0.108
2023-09-08 03:49:10,0.16663816472382822,0.1944441576521823,0.19443563933332617,0.20325986017677167,0.15440896,0.15270416,0.13973545,0.15353371,0.1584051,0.176
2023-09-08 03:49:15,0.16695435417088597,0.1832039832425335,0.1841101301753923,0.20515042279842532,0.13762125,0.16238315,0.14252333,0.16087356,0.1199077,0.03
2023-09-08 03:49:20,0.11831834104532213,0.11649293790191889,0.11879974775162402,0.11492819188817904,0.21734658,0.14121236,0.18611482,0.12084257,0.14492054,0.148
2023-09-08 03:49:25,0.14124842541933183,0.14172558355825987,0.12221111811396308,0.10646524532249302,0.10387123,0.140792,0.14681341,0.13163169,0.14002609,0.118
2023-09-08 03:49:30,0.14720176153475303,0.13965078335005593,0.11487401128674482,0.09729541669532438,0.18570091,0.13988785,0.18154882,0.13270882,0.16906416,0.21
2023-09-08 03:49:35,0.14874742575146874,0.14116888182379184,0.11104736101675058,0.0874081302246168,0.20625196,0.13904329,0.22513846,0.13169761,0.1683089,0.248
2023-09-08 03:49:40,0.149148726438095,0.13658708584056137,0.10840350224511623,0.07679609320695135,0.15557113,0.1468593,0.16613075,0.1389053,0.17909211,0.08
2023-09-08 03:49:45,0.13424323502910324,0.13163210307119994,0.14380986884222438,0.1690508912468225,0.20295632,0.15783298,0.16860923,0.15011439,0.19713065,0.15
2023-09-08 03:49:50,0.14823687985533174,0.13585347331916997,0.138918477184503,0.16997218090943633,0.14785841,0.15249647,0.15430571,0.15228319,0.16351126,0.134
2023-09-08 03:49:55,0.15184695391189504,0.15531388682496627,0.1521490076521214,0.17091348784104454,0.14958847,0.14815952,0.1596954,0.15071209,0.17546692,0.14
2023-09-08 03:50:00,0.15277827915672648,0.14314257785423617,0.14433417079320957,0.17187495197756775,0.12920143,0.15809396,0.16839822,0.15152214,0.14049415,0.1
2023-09-08 03:50:05,0.15301854201506962,0.1535480357824618,0.15404879719272685,0.17285670827219946,0.11817086,0.15191634,0.12783544,0.15141809,0.1774895,0.218
2023-09-08 03:50:10,0.17141621015804337,0.19801615958611662,0.17757959807456716,0.13524064292905003,0.17939359,0.16035101,0.16440949,0.1657268,0.16710794,0.326
2023-09-08 03:50:15,0.15943625251775426,0.165539869341794,0.16637511133216887,0.13234233635949622,0.15578654,0.15505184,0.20587604,0.15689111,0.16241625,0.198
2023-09-08 03:50:20,0.15635536567814684,0.1628460506490569,0.15530540359945397,0.12929123949558274,0.11535519,0.15877873,0.14418222,0.15833728,0.15316771,0.168
2023-09-08 03:50:25,0.1555630537181659,0.155704781264266,0.15850889241825522,0.12609113742302647,0.12164041,0.15187506,0.16969801,0.15317608,0.19805261,0.076
2023-09-08 03:50:30,0.15535929477646818,0.15335722736548965,0.15181450598571752,0.12274679916970754,0.15142433,0.15733401,0.18237463,0.15770416,0.18093365,0.15
2023-09-08 03:50:35,0.15773517552947353,0.1571044503543639,0.15110061208239303,0.17460059991039856,0.21121283,0.16485694,0.16325203,0.15131539,0.11108472,0.108
2023-09-08 03:50:40,0.159753873324478,0.14651548084806804,0.14739622543130304,0.17557882078012454,0.20619395,0.16925947,0.17373632,0.15723531,0.11500305,0.186
2023-09-08 03:50:45,0.16028070568555736,0.15301498402526453,0.1514362609036882,0.1765757054065773,0.17805146,0.166808,0.14249521,0.15939347,0.15058538,0.15
2023-09-08 03:50:50,0.1604181964666774,0.14857393535059607,0.14647385515587985,0.17759133450025644,0.18598342,0.16987887,0.16171964,0.15993021,0.12183835,0.2239999999999999
2023-09-08 03:50:55,0.1604540783074479,0.15974154274144164,0.159655631684306,0.17862578352430347,0.13695633,0.16729918,0.17476025,0.1583691,0.14241472,0.122
2023-09-08 03:51:00,0.14950571320167957,0.143876292168231,0.15691172579812146,0.15837452272590724,0.14051034,0.15385458,0.08559518,0.1380688,0.19105268,0.1639999999999999
2023-09-08 03:51:05,0.15664725663744547,0.16336169008889667,0.1673237455558773,0.1581217568943103,0.1453743,0.15308766,0.16416702,0.14695755,0.18095613,0.18
2023-09-08 03:51:10,0.15850147660516536,0.19007991049519773,0.18680784018465954,0.1578629458788363,0.21134236,0.15573566,0.19021282,0.14265303,0.18236883,0.2239999999999999
2023-09-08 03:51:15,0.15898290358514738,0.17206797489675396,0.17484753765810612,0.15760019983566664,0.18866548,0.15748923,0.17714643,0.143834,0.17805193,0.174
2023-09-08 03:51:20,0.15910790058716953,0.16375335564481971,0.16366022252100768,0.15733570309708966,0.096524954,0.15306425,0.1564457,0.15201148,0.13859028,0.294
2023-09-08 03:51:25,0.2087969398567311,0.20398859005244224,0.20060726965837045,0.1737503610564488,0.15429588,0.18996158,0.22237916,0.19116029,0.1605295,0.068
2023-09-08 03:51:30,0.18673599188877033,0.18124025205288732,0.19443513441722152,0.17321960771727163,0.1711853,0.18296073,0.19222602,0.1814687,0.14516024,0.196
2023-09-08 03:51:35,0.18102392680065363,0.17523916899338343,0.1906234644076281,0.17263342178369356,0.14509317,0.17946942,0.18822739,0.18076673,0.16382693,0.192
2023-09-08 03:51:40,0.1795449474014788,0.17021872535129245,0.1874452256250109,0.17199106877156822,0.16055962,0.17417364,0.2062128,0.17121969,0.17398131,0.196
2023-09-08 03:51:45,0.17916200707614285,0.17243039131740773,0.19121975696787108,0.17129184614925208,0.1762635,0.16820055,0.19680485,0.14937551,0.1541225,0.204
2023-09-08 03:51:50,0.18348308912520597,0.17905875264001647,0.18027001596813383,0.1898921007063823,0.13793539,0.17384855,0.15871687,0.1677678,0.19158107,0.218
2023-09-08 03:51:55,0.17826679299514453,0.17915243921619026,0.19270879021351708,0.1911373924333848,0.1211578,0.17182949,0.13190873,0.15942813,0.1757728,0.24
2023-09-08 03:52:00,0.17694058236419022,0.17392008223088853,0.18501213490294552,0.1924020715450876,0.15229604,0.17206922,0.19169363,0.15452303,0.1976616,0.108
2023-09-08 03:52:05,0.17660340161489954,0.18259503956370404,0.19545903763415262,0.19368614151168106,0.19209205,0.1685176,0.14421037,0.16371252,0.18915719,0.19
2023-09-08 03:52:10,0.17651767552053818,0.20701501202873573,0.21510204372190198,0.19498959980557196,0.20428643,0.16532232,0.18225439,0.1614104,0.13099423,0.178
2023-09-08 03:52:15,0.17846628314406227,0.1818609154233825,0.1920783910247623,0.19383599767033388,0.25442702,0.16742142,0.123998865,0.17051992,0.13178287,0.22
2023-09-08 03:52:20,0.1785843229400897,0.18542591451697488,0.18173239922254392,0.19488759807878608,0.22845241,0.1688734,0.15604176,0.16249686,0.1552864,0.286
2023-09-08 03:52:25,0.1786142047696682,0.17393617760785218,0.1828595783962029,0.1958730995714717,0.25389338,0.16535734,0.15372853,0.15799275,0.14185946,0.2319999999999999
2023-09-08 03:52:30,0.17862176936880347,0.17536740434739456,0.1775669780553134,0.19678548340957036,0.1738112,0.16669603,0.11080194,0.17151147,0.13961177,0.174
2023-09-08 03:52:35,0.178623684350613,0.17551292321950973,0.17373375369456798,0.1976177465445943,0.18947348,0.16730212,0.17036764,0.16147894,0.13459234,0.222
2023-09-08 03:52:40,0.2012666446398904,0.19366606828252642,0.19963667911471047,0.19257405759994128,0.16036944,0.17927213,0.18254866,0.1769065,0.18687864,0.166
2023-09-08 03:52:45,0.1960391338623353,0.19234864617271566,0.20344750418122676,0.19256453878628577,0.18162678,0.17774004,0.14944369,0.17537752,0.18121631,0.166
2023-09-08 03:52:50,0.19472111907626594,0.18894903506322092,0.19910108777742022,0.1925229672332236,0.17648256,0.17075905,0.1636486,0.1734717,0.19451496,0.168
2023-09-08 03:52:55,0.19438880737951034,0.1985541728573365,0.21160265133349176,0.1924491665460053,0.21608101,0.17156105,0.14841124,0.17711309,0.15974368,0.158
2023-09-08 03:53:00,0.19430502147288184,0.1875360265016398,0.20310755465588104,0.19234298423592833,0.21155453,0.16569138,0.15068965,0.16463979,0.17840305,0.2239999999999999
2023-09-08 03:53:05,0.1982022082639164,0.205225872695116,0.19882597458542686,0.1904082768495723,0.1651381,0.16719422,0.18092124,0.17500968,0.15340894,0.284
2023-09-08 03:53:10,0.19167639942188835,0.22046713282856947,0.21826446757658444,0.18844116566169156,0.15823908,0.17123106,0.14521654,0.17232221,0.17439055,0.148
2023-09-08 03:53:15,0.1900256309577362,0.20447072144469314,0.20640617372698583,0.18619615194210404,0.18624382,0.15867163,0.16539426,0.16794741,0.169481,0.17
2023-09-08 03:53:20,0.18960805260259203,0.2025917006258486,0.19653691339020335,0.1836684601582963,0.23378567,0.1635582,0.17430319,0.17437346,0.19148573,0.172
2023-09-08 03:53:25,0.18950242199086692,0.1935463142433076,0.19731048197008208,0.18085437947460292,0.22951864,0.16668253,0.17436986,0.17131005,0.18037336,0.166
2023-09-08 03:53:30,0.18154699113782136,0.1763131887023263,0.17609171329148282,0.18367370846250886,0.18932629,0.15684447,0.18402554,0.17145742,0.16104251,0.182
2023-09-08 03:53:35,0.18548036236464877,0.18225852383412328,0.17258198148482595,0.1830367287826853,0.17154792,0.16128583,0.16011879,0.1640792,0.15610668,0.26
2023-09-08 03:53:40,0.1864755008497024,0.17477896132852277,0.169119913771056,0.18236051172423373,0.15385737,0.15721771,0.15454641,0.15699847,0.15424232,0.218
2023-09-08 03:53:45,0.18672726976428655,0.17855077801491356,0.17292784211759912,0.18164511036404285,0.15947066,0.15984833,0.14971018,0.15797693,0.14789028,0.24
2023-09-08 03:53:50,0.1867909670157776,0.17592230518803603,0.16860729719994652,0.1808906043541434,0.16547039,0.15477975,0.16123182,0.16693307,0.16221885,0.152
2023-09-08 03:53:55,0.18269067676686374,0.18657010142873343,0.2044456629873693,0.19174997562755358,0.17708157,0.18572746,0.15934046,0.17445412,0.2223512,0.132
2023-09-08 03:54:00,0.19044256896164694,0.18887171045909967,0.1964198021535066,0.19142735583988646,0.19640245,0.1818056,0.18065782,0.17315033,0.19841774,0.134
2023-09-08 03:54:05,0.19240055226243946,0.2022843797845173,0.20764840445448737,0.1910777074970227,0.20837955,0.17308724,0.1904078,0.17363848,0.19635099,0.158
2023-09-08 03:54:10,0.19289510230388127,0.21896092355468455,0.22609653755267753,0.19070124989978865,0.1876591,0.17453977,0.16816445,0.17281598,0.18813688,0.14
2023-09-08 03:54:15,0.1930200164149419,0.20487646069426396,0.21445742002991114,0.1902982229754624,0.1913571,0.17603163,0.17216699,0.1682371,0.1730028,0.106
2023-09-08 03:54:20,0.15618518178167187,0.15833816963305838,0.1487552318533596,0.12947369171506562,0.16134134,0.15484476,0.14361638,0.13248444,0.1479357,0.262
2023-09-08 03:54:25,0.1689890255421937,0.16446629598683815,0.14948548321918828,0.12158304512988227,0.18434541,0.15635927,0.1419949,0.13817199,0.19981925,0.14
2023-09-08 03:54:30,0.17225569528859533,0.16516367177889613,0.1439756284110444,0.11329872308614997,0.12363892,0.15835917,0.13551463,0.1442094,0.14849864,0.13
2023-09-08 03:54:35,0.17308912714168917,0.17079389839185347,0.1410050090006258,0.10463185188863511,0.15594216,0.16364428,0.17148931,0.15126738,0.20097892,0.158
2023-09-08 03:54:40,0.1733017622433907,0.16207750849650737,0.13729750599869725,0.09559528292908226,0.14697096,0.15234047,0.15242009,0.14994137,0.17009501,0.176
2023-09-08 03:54:45,0.17446038392960023,0.17183816462741897,0.15862696987346836,0.14227280990958668,0.21377997,0.15092644,0.13066876,0.15444879,0.16611663,0.21
2023-09-08 03:54:50,0.17407118822403966,0.16349932683967988,0.15379361432554717,0.1382778828011073,0.17187287,0.15170744,0.13231371,0.15367751,0.17943867,0.306
2023-09-08 03:54:55,0.17397280441255641,0.1703985490595228,0.16595582170716136,0.13422663757570064,0.14926963,0.1638085,0.121969454,0.15261446,0.14624694,0.21
2023-09-08 03:55:00,0.17394793421428936,0.1648734415023761,0.15799163019352372,0.1301310886388798,0.107529774,0.1550515,0.12420699,0.15270828,0.20704575,0.25
2023-09-08 03:55:05,0.17394164733891304,0.175789497134448,0.16929720759960346,0.1260033873361639,0.2193563,0.15869029,0.15093216,0.15077102,0.19370998,0.16
2023-09-08 03:55:10,0.181516544250338,0.20555135072981592,0.22639247282135597,0.20116346399931295,0.07786554,0.17838286,0.18164764,0.17911284,0.19965228,0.154
2023-09-08 03:55:15,0.1869907504217096,0.19465321461184037,0.2146082690832709,0.2016731361956836,0.16806856,0.1755937,0.17833601,0.17633437,0.18159728,0.1
2023-09-08 03:55:20,0.18838348955574652,0.20097179856545766,0.20585797972285255,0.20217628657265507,0.17348762,0.16465607,0.18912672,0.17446275,0.1734774,0.2239999999999999
2023-09-08 03:55:25,0.18873782810909184,0.18711269799083818,0.20581924653750325,0.202672656299427,0.08725997,0.16338499,0.14533406,0.17127389,0.15952364,0.1119999999999999
2023-09-08 03:55:30,0.188827978380107,0.18419749607966943,0.2002856486572399,0.20316198575638467,0.118302345,0.16464938,0.18537425,0.17942922,0.15156578,0.17
2023-09-08 03:55:35,0.17601086537831925,0.17581713198882176,0.16046839211360517,0.18724726020905536,0.16881734,0.16309743,0.17071371,0.15923838,0.15767556,0.1939999999999999
2023-09-08 03:55:40,0.17753473685849114,0.16782271634820103,0.15689735504235747,0.1871618813763547,0.18416244,0.16432244,0.17711228,0.16453412,0.19146346,0.12
2023-09-08 03:55:45,0.17792106796756194,0.1733383750990617,0.16097877370576869,0.18705834977762947,0.21398859,0.16944964,0.20957708,0.16082503,0.16876596,0.1639999999999999
2023-09-08 03:55:50,0.17801901043041257,0.1747144333828059,0.1568056386804344,0.18693635819671783,0.20403433,0.17126895,0.2126105,0.15599893,0.21253102,0.19
2023-09-08 03:55:55,0.1780438407529106,0.1773058333134403,0.16826589064331418,0.18679560129042372,0.22259557,0.16862409,0.2033161,0.16205806,0.21683703,0.156
2023-09-08 03:56:00,0.1691654131702378,0.16630504791623224,0.16285554509163402,0.16074929370127222,0.15046224,0.16640772,0.1503131,0.15134038,0.16590022,0.292
2023-09-08 03:56:05,0.17249455338619507,0.17509492817745276,0.1735103672426846,0.1594710076328738,0.17795974,0.16316591,0.15255651,0.15303944,0.16831729,0.238
2023-09-08 03:56:10,0.17333639362578276,0.19623927485649867,0.19155660630195007,0.15817263424978023,0.15808327,0.17098805,0.14829533,0.15065971,0.1785497,0.16
2023-09-08 03:56:15,0.17354926990704966,0.17754510893230652,0.17951908786958554,0.15685486908532198,0.12282884,0.16930553,0.13051404,0.14959289,0.17860895,0.2019999999999999
2023-09-08 03:56:20,0.1736030999676657,0.18507237419158362,0.17159145464495126,0.1555184193631618,0.13979417,0.16795184,0.17036827,0.14684235,0.17108679,0.092
2023-09-08 03:56:25,0.155406738652722,0.14601718401623004,0.17139803304968151,0.16914478907776243,0.18881656,0.15915479,0.13445811,0.14202237,0.1698032,0.034
2023-09-08 03:56:30,0.17146695928104985,0.16409167702985764,0.1662602139962975,0.16841229562209392,0.19632396,0.15556699,0.15171765,0.1586854,0.14626586,0.11
2023-09-08 03:56:35,0.1755348342752717,0.17349781089593017,0.16364950768689246,0.16767757790293558,0.1259718,0.15874068,0.12777862,0.150731,0.13550767,0.288
2023-09-08 03:56:40,0.17656518170022723,0.16293091207321864,0.15964219360535703,0.16694140816950664,0.14656965,0.1569112,0.15430938,0.15083113,0.13933988,0.142
2023-09-08 03:56:45,0.1768261572261764,0.1697316891308518,0.16398269510179087,0.16620456044411824,0.17258583,0.16399771,0.15126851,0.15806736,0.1246738,0.198
2023-09-08 03:56:50,0.17998200412611462,0.17576079012643978,0.1630492423383596,0.16122177034499163,0.25599724,0.17386761,0.20567146,0.17614111,0.16970105,0.308
2023-09-08 03:56:55,0.17540296858327697,0.17375061347609816,0.1742297031687101,0.16032666638339332,0.22759771,0.16577044,0.18815556,0.17700934,0.20382686,0.23
2023-09-08 03:57:00,0.17423926721219607,0.175396244805223,0.16746707309597428,0.15943017787818192,0.340968,0.16808067,0.21132259,0.17075156,0.1977422,0.052
2023-09-08 03:57:05,0.17394352788709436,0.18051473272370444,0.17772118981664667,0.1585330884610583,0.3082638,0.16859001,0.22132088,0.17331725,0.18496001,0.298
2023-09-08 03:57:10,0.17386836964582633,0.1966133276762473,0.1952066718177477,0.1576361817045786,0.17660472,0.16825944,0.20514685,0.16641499,0.1949969,0.196
2023-09-08 03:57:15,0.18848206067135917,0.1895400054422535,0.20565644088155746,0.20787517217680218,0.13259825,0.20572868,0.23069608,0.19080403,0.16083528,0.2019999999999999
2023-09-08 03:57:20,0.1866019088511732,0.1900094605006602,0.19712222906796287,0.21117354675371303,0.15689738,0.19742785,0.24630876,0.18986607,0.16511913,0.276
2023-09-08 03:57:25,0.1861317040899454,0.17341133988228236,0.19599904040919264,0.21456228338944072,0.16055244,0.18154939,0.16326757,0.18755479,0.15598525,0.276
2023-09-08 03:57:30,0.18601411118329417,0.17618679599158954,0.1913579330436895,0.2180312415524419,0.15286848,0.18582572,0.17834607,0.18422078,0.13424607,0.122
2023-09-08 03:57:35,0.18598470252384422,0.1908039537131418,0.18989741929814155,0.22156983770823402,0.15780376,0.17880936,0.19077179,0.17546414,0.17606089,0.166
2023-09-08 03:57:40,0.1846557656972596,0.1721682858637636,0.1871533934131965,0.19350627664269382,0.1276441,0.17508136,0.19720213,0.18667555,0.17731543,0.254
2023-09-08 03:57:45,0.18932526057337812,0.18542374145624052,0.19181241648680122,0.19434252935159435,0.24163881,0.18161681,0.23028907,0.18474378,0.17958075,0.272
2023-09-08 03:57:50,0.1904940243085112,0.19086183816817565,0.18851846272902675,0.19522155564838073,0.27974942,0.18338256,0.17346254,0.1824003,0.1815396,0.176
2023-09-08 03:57:55,0.1907865631601006,0.19201938463059365,0.19915567059128603,0.19614410438606456,0.29583934,0.18233407,0.170267,0.18476915,0.1975886,0.218
2023-09-08 03:58:00,0.19085978495601771,0.1816878086033126,0.1913422173456859,0.19711089937464266,0.19420032,0.17964101,0.16610222,0.19079036,0.21275009,0.1119999999999999
2023-09-08 03:58:05,0.17238800417328415,0.1867690766161402,0.20240447025525823,0.2014377102058944,0.17785701,0.17111473,0.16077676,0.16793764,0.16068457,0.068
2023-09-08 03:58:10,0.187467668401387,0.21382218251012136,0.2191505013976239,0.20260868562617418,0.17912015,0.17326382,0.11074455,0.16851063,0.1807152,0.33
2023-09-08 03:58:15,0.1912332552318411,0.2013255282385126,0.207535466796022,0.20382774214394672,0.22304589,0.17071798,0.19871011,0.1712767,0.22556028,0.148
2023-09-08 03:58:20,0.192173570875691,0.207333434448752,0.19949362816752314,0.2050954800527549,0.22626284,0.17545371,0.13493954,0.17606512,0.20804031,0.14
2023-09-08 03:58:25,0.1924083798310756,0.19321225542810247,0.19838537834672765,0.2064124699646399,0.23813114,0.17712569,0.17369175,0.17888178,0.205431,0.2239999999999999
2023-09-08 03:58:30,0.19989333977459514,0.1900177631582336,0.18127843200046062,0.19855045946398953,0.17274006,0.19061118,0.18437693,0.17940779,0.18937853,0.092
2023-09-08 03:58:35,0.19397996406395518,0.19319157960482491,0.18007645541745101,0.19955984522145087,0.22368546,0.18477197,0.18518291,0.17520595,0.1702895,0.14
2023-09-08 03:58:40,0.19252941006899177,0.18386813857421125,0.17575879338135744,0.20061097817654172,0.16958965,0.18213658,0.16953088,0.18204196,0.18116273,0.142
2023-09-08 03:58:45,0.1921735884545257,0.19003734773033246,0.18049935967717592,0.20170430195294742,0.17224947,0.17838174,0.20085579,0.18233007,0.19022618,0.1939999999999999
2023-09-08 03:58:50,0.1920863052360031,0.18616029973669296,0.1766314353551451,0.20284023214273894,0.20379187,0.17830631,0.17411694,0.18087475,0.1800942,0.308
2023-09-08 03:58:55,0.22013302791291747,0.22156567878712857,0.19958371860509147,0.1837535922201532,0.15585941,0.21111445,0.19811647,0.21426266,0.15062605,0.2739999999999999
2023-09-08 03:59:00,0.19847425080284226,0.18968335622175808,0.19118048920795858,0.18324007088370564,0.15995868,0.20555824,0.20797986,0.19177143,0.19375584,0.074
2023-09-08 03:59:05,0.19313546861015438,0.19357216482354775,0.20254155538738225,0.18270664959155525,0.10919292,0.20033829,0.20773092,0.19102107,0.17275253,0.16
2023-09-08 03:59:10,0.19181948501809357,0.22141328711298924,0.2207842269735423,0.1821531918171111,0.23820654,0.19174834,0.15103997,0.18280177,0.16639347,0.258
2023-09-08 03:59:15,0.19149510152536647,0.19598977901670236,0.20811863444706255,0.18157956535153374,0.2354216,0.16499956,0.19006465,0.17259634,0.16129325,0.268
2023-09-08 03:59:20,0.21408329557803074,0.21877643034648644,0.20627171189883314,0.16975730723132187,0.18705557,0.20271024,0.1879123,0.20707385,0.20445792,0.212
2023-09-08 03:59:25,0.20078199890448145,0.1965965355275358,0.20570329938937235,0.1697492581817528,0.16931266,0.20260349,0.25030062,0.20119776,0.15948102,0.1119999999999999
2023-09-08 03:59:30,0.1975005577427015,0.18484176266874325,0.19936857352216106,0.1697410833529318,0.18694238,0.19359447,0.2239073,0.19675234,0.1845896,0.098
2023-09-08 03:59:35,0.19669102342717598,0.19491313605647298,0.19846996312442935,0.16973278260536517,0.26125133,0.19141056,0.21524422,0.18367031,0.16912846,0.084
2023-09-08 03:59:40,0.1964913106254819,0.18458946061286463,0.1941860776428343,0.16972435579720013,0.23220098,0.18541345,0.1520518,0.17611343,0.17863871,0.036
2023-09-08 03:59:45,0.1323803695754612,0.13302299372436815,0.1281509281776545,0.10832798328093673,0.31625715,0.12326484,0.13177606,0.12698248,0.17013441,0.23
2023-09-08 03:59:50,0.15661445398318016,0.1589754482457816,0.12500821370051587,0.09934943055221979,0.29610834,0.13268587,0.11125909,0.1401226,0.1966153,0.14
2023-09-08 03:59:55,0.16270792353167185,0.16639278103109867,0.13555460285347704,0.08998717558771574,0.32467222,0.14482959,0.11049184,0.14223577,0.1734552,0.118
2023-09-08 04:00:00,0.1642400784302728,0.15136582651507546,0.12596545418842944,0.08025408940337186,0.28186232,0.1465261,0.16016197,0.14698373,0.17406638,0.258
2023-09-08 04:00:05,0.16462532670543453,0.1661571342410038,0.1377781578938948,0.07016454410441142,0.19079164,0.15466875,0.15308452,0.15626141,0.20579302,0.25
2023-09-08 04:00:10,0.19715454343349506,0.22388092371805918,0.20666252221325065,0.1707999895653458,0.17923437,0.20798366,0.24829848,0.19747394,0.23443107,0.21
2023-09-08 04:00:15,0.18392077385487038,0.19367957104510802,0.19415227211352143,0.1720067383216275,0.1640575,0.19049986,0.21372756,0.18999797,0.21682963,0.264
2023-09-08 04:00:20,0.1806067206014988,0.19096741604795664,0.1858222909355772,0.17350502245010802,0.14345938,0.18561259,0.1795873,0.18005605,0.19563869,0.13
2023-09-08 04:00:25,0.179776802194583,0.17305256516432627,0.18463977764137884,0.17530312594216468,0.1736504,0.18230316,0.15969753,0.17242652,0.19475086,0.132
2023-09-08 04:00:30,0.1795689707237287,0.16762681389498266,0.17826204158074624,0.17740776837408134,0.17716242,0.18630718,0.15645607,0.16650574,0.15823928,0.144
2023-09-08 04:00:35,0.1676316823114656,0.1660454333816336,0.16286242806202844,0.1738635678391489,0.120928235,0.15811168,0.12364654,0.16340399,0.10855365,0.156
2023-09-08 04:00:40,0.1735579450747225,0.15735544768748255,0.15831807655438943,0.17541059929981628,0.14038865,0.15699692,0.12689295,0.17213528,0.14997785,0.108
2023-09-08 04:00:45,0.1750441105485248,0.17374085645051002,0.16449837677842355,0.17718343458661678,0.075460136,0.15874158,0.09853872,0.17850827,0.15306485,0.158
2023-09-08 04:00:50,0.1754168054329326,0.17040338921625542,0.16082741535363673,0.1791815625370461,0.113990314,0.16320886,0.14470397,0.17438531,0.16751541,0.178
2023-09-08 04:00:55,0.17551026842834747,0.17325657185582,0.17117448346836553,0.1814030977961707,0.12688676,0.1623838,0.1652929,0.18138433,0.16292876,0.14
2023-09-08 04:01:00,0.16069870280726622,0.15714538558601363,0.15271030499851512,0.15661568163972106,0.19644172,0.16895153,0.19841136,0.15880863,0.13843514,0.106
2023-09-08 04:01:05,0.16588304621798286,0.17300670572866245,0.16440788795539701,0.15652093020833036,0.17795154,0.16745508,0.2184956,0.15037872,0.17738184,0.204
2023-09-08 04:01:10,0.16718155351336786,0.19402229599688844,0.18277244080966198,0.15651013796735924,0.1794369,0.16770847,0.16192056,0.15045053,0.1313634,0.186
2023-09-08 04:01:15,0.1675067868288698,0.17924146531449361,0.17065244969913906,0.15657934467709111,0.16290414,0.1663112,0.17574492,0.14791545,0.17355964,0.15
2023-09-08 04:01:20,0.16758824706393227,0.17438395652639876,0.16158615777151766,0.1567239075165361,0.14869304,0.1689299,0.17025302,0.1489326,0.15282105,0.204
2023-09-08 04:01:25,0.17861061047409282,0.16741948079878222,0.16594056974278962,0.16643728841931704,0.1450708,0.16917014,0.17921847,0.16358134,0.16396874,0.12
2023-09-08 04:01:30,0.17225791118409386,0.157787997893781,0.1596746425823412,0.16613114890075664,0.13402079,0.16512418,0.13305043,0.15904808,0.14475644,0.1939999999999999
2023-09-08 04:01:35,0.1706683972563181,0.16587114435516942,0.15877103132719148,0.16582232979900446,0.13308936,0.1636794,0.17206152,0.15703848,0.17045003,0.066
2023-09-08 04:01:40,0.170270683715781,0.15263050087911473,0.15396532726133552,0.16551052442975056,0.14036267,0.15719476,0.1738941,0.15250486,0.15410577,0.156
2023-09-08 04:01:45,0.17017117149537037,0.16456920471894787,0.16041721421824154,0.1651954185683966,0.14365932,0.15548253,0.13187295,0.14729562,0.15742324,0.186
2023-09-08 04:01:50,0.16871009633965933,0.1663863632749783,0.1501987399670269,0.1560558414921207,0.13424999,0.16387206,0.13887922,0.16639735,0.13472238,0.1
2023-09-08 04:01:55,0.16442198341793154,0.16338847752970145,0.16024968938617537,0.15534366858585535,0.119421855,0.16036984,0.12583783,0.16495334,0.13652618,0.136
2023-09-08 04:02:00,0.16335847764076133,0.15353282364947585,0.1514111677326358,0.15461812856083768,0.16525303,0.15348725,0.12421555,0.16464771,0.12735334,0.114
2023-09-08 04:02:05,0.16309471487174854,0.16891163111664947,0.16363966019027382,0.15387885261204026,0.13950294,0.15639026,0.16656913,0.16455947,0.16251971,0.134
2023-09-08 04:02:10,0.16302929839747005,0.1888184107400967,0.1817903187660496,0.1531254704392513,0.15900421,0.15548654,0.1448342,0.15802856,0.12746578,0.126
2023-09-08 04:02:15,0.129456619561433,0.1437988183590057,0.14304236808545254,0.17953295054400797,0.1350368,0.12897278,0.16207136,0.1375365,0.15914871,0.238
2023-09-08 04:02:20,0.12982707246685501,0.15353556176595992,0.13433654365054903,0.1797118214225577,0.16782518,0.13714597,0.16149284,0.14211339,0.17186226,0.09
2023-09-08 04:02:25,0.1298667746535425,0.13899621171211832,0.13267225615430028,0.1798915692672125,0.13890865,0.1304713,0.16441578,0.1418056,0.14957711,0.1639999999999999
2023-09-08 04:02:30,0.12987102961714164,0.13824967865307258,0.1268861830587091,0.18007219461981094,0.14806104,0.13660532,0.16927245,0.14193806,0.13280995,0.136
2023-09-08 04:02:35,0.12987148563019132,0.14063959412756696,0.12522423061979995,0.18025369801046764,0.12753046,0.14198329,0.14519064,0.14481558,0.17131878,0.148
